key,name,type,theme,cost,vp,gen,themed,campaign,draw,trash,gain_upto,chain,per_same,per_office,attack,defense,retract,ongoing_gen,ongoing_draw,others_bonus,others_theme,released,year,copies,card_text,flavor,lean,step
letter,Letter to the Editor,Starter,,0,0,1,0,0,0,0,0,0,0,0,,0,0,0,0,0,,,,7,+1 influence.,"A subscriber's opinion, printed at no charge.",,
notice,Local Notice,Starter,,0,0,0,0,0,0,0,0,0,0,0,,0,0,0,0,0,,,,3,No effect. Destroy it when you can.,"Strayed cattle, a church supper. Fills the column; moves no one.",,
editorial,Editorial,Editorial,,3,1,2,0,0,0,0,0,0,0,0,,0,0,0,0,0,,,,16,+2 influence.,"The editor's own voice, always on offer.",,
scandal,Scandal,Scandal,,0,-1,0,0,0,0,0,0,0,0,0,,0,0,0,0,0,,,,20,-1 prestige at the end of the game.,Something printed about you. It will not go away.,,
articles_confederation,The Articles of Confederation,Political story,Political,2,1,1,2,0,0,0,0,0,0,0,,0,0,0,0,0,,1796,1781,1,"+1 influence, +2 Political.","A league of friendship among sovereign states, with no power to tax and no one to enforce it.",rep,0
kentucky_resolutions,The Kentucky and Virginia Resolutions,Political story,Political,2,1,1,2,0,0,0,0,0,0,0,,0,0,0,0,0,,1800,1798,1,"+1 influence, +2 Political.","Jefferson and Madison, anonymously, arguing that a state might judge the compact for itself.",dem,0
marbury,Marbury v. Madison,Political story,Political,2,1,1,2,0,0,0,0,0,0,0,,0,0,0,0,0,,1804,1803,1,"+1 influence, +2 Political.",Marshall gave up a commission and took the power to void an act of Congress.,rep,1
antifederalist_papers,Brutus and the Federal Farmer,Political story,Political,3,1,1,2,1,0,0,0,0,0,0,,0,1,0,0,0,,1796,1787,1,"+1 influence, +2 Political, +1 Campaign (elections only). Retraction: draw a card, and you may destroy a Scandal in your hand or discard pile.",The case against ratification: a consolidated government would swallow the states and the liberties with them.,dem,0
force_bill,The Force Bill,Political story,Political,3,1,1,2,1,0,0,0,0,0,0,,0,1,0,0,0,,1836,1833,1,"+1 influence, +2 Political, +1 Campaign (elections only). Retraction: draw a card, and you may destroy a Scandal in your hand or discard pile.","Authority to collect the tariff by arms, signed the same day as the compromise that made it moot.",rep,5
federalist_papers,The Federalist,Political story,Political,4,1,1,2,0,0,0,0,0,0,1,,0,1,0,0,0,,1796,1787,1,"+1 influence, +2 Political. +1 Political for each election you have won. Retraction: draw a card, and you may destroy a Scandal in your hand or discard pile.","Eighty-five essays by Publius in the New York papers, arguing for a government that could act.",dem,0
war_of_1812,Mr. Madison's War,Political story,Political,4,1,1,2,0,0,0,0,0,0,1,,0,1,0,0,0,,1812,1812,1,"+1 influence, +2 Political. +1 Political for each election you have won. Retraction: draw a card, and you may destroy a Scandal in your hand or discard pile.","The second war of independence, or a Virginian adventure at New England expense.",rep,2
indian_removal,The Indian Removal Act,Political story,Political,4,1,1,2,0,0,0,0,0,0,1,,0,1,0,0,0,,1832,1830,1,"+1 influence, +2 Political. +1 Political for each election you have won. Retraction: draw a card, and you may destroy a Scandal in your hand or discard pile.","Congress votes the money to move the southern nations west, and calls it voluntary.",dem,5
georgia_platform,The Georgia Platform,Political story,Political,4,1,1,2,0,0,0,0,0,0,1,,0,1,0,0,0,,1852,1850,1,"+1 influence, +2 Political. +1 Political for each election you have won. Retraction: draw a card, and you may destroy a Scandal in your hand or discard pile.","Georgia would accept the Compromise, and named the conditions under which it would not.",rep,8
declaration,The Declaration of Independence,Political story,Political,5,1,2,2,2,0,0,0,0,0,0,,0,1,0,0,0,,1796,1776,1,"+2 influence, +2 Political, +2 Campaign (elections only). Retraction: draw a card, and you may destroy a Scandal in your hand or discard pile.",Printed overnight as a broadside and read aloud from courthouse steps. Everyone would claim it.,dem,0
saratoga,Saratoga,Political story,Political,5,1,2,2,2,0,0,0,0,0,0,,0,1,0,0,0,,1796,1777,1,"+2 influence, +2 Political, +2 Campaign (elections only). Retraction: draw a card, and you may destroy a Scandal in your hand or discard pile.","Burgoyne surrendered an army, and France decided the rebellion was worth backing.",rep,0
adams_onis,The Adams-Onis Treaty,Political story,Political,5,1,2,2,2,0,0,0,0,0,0,,0,1,0,0,0,,1820,1819,1,"+2 influence, +2 Political, +2 Campaign (elections only). Retraction: draw a card, and you may destroy a Scandal in your hand or discard pile.","Spain gives up Florida, and a line is drawn to the Pacific on paper.",dem,3
freeport_doctrine,The Freeport Doctrine,Political story,Political,5,1,2,2,2,0,0,0,0,0,0,,0,1,0,0,0,,1860,1858,1,"+2 influence, +2 Political, +2 Campaign (elections only). Retraction: draw a card, and you may destroy a Scandal in your hand or discard pile.",Douglas held that a territory could exclude slavery by simply declining to police it. It cost him the South.,rep,9
mexican_war,The Mexican War,Political story,Political,6,2,2,3,0,0,0,0,0,0,1,,0,1,0,0,0,,1848,1846,1,"+2 influence, +3 Political. +1 Political for each election you have won. Retraction: draw a card, and you may destroy a Scandal in your hand or discard pile.","American blood shed on American soil, if you accepted where the soil began.",dem,7
lincoln_douglas,The Lincoln-Douglas Debates,Political story,Political,6,2,2,3,0,0,0,0,0,0,1,,0,1,0,0,0,,1860,1858,1,"+2 influence, +3 Political. +1 Political for each election you have won. Retraction: draw a card, and you may destroy a Scandal in your hand or discard pile.","Seven towns, three hours each, printed verbatim in every paper in the country. Including yours.",rep,9
northwest_ordinance,The Northwest Ordinance,Economic story,Economic,3,1,1,1,0,0,1,0,0,1,0,,0,0,0,0,0,,1796,1787,1,"+1 influence, +1 Economic. You may destroy a card in your hand or discard pile. +1 influence for each other Economic story you play this turn.","Congress would govern the western territories, and no slavery would cross the Ohio.",dem,0
mcculloch,McCulloch v. Maryland,Economic story,Economic,3,1,1,1,0,0,1,0,0,1,0,,0,0,0,0,0,,1820,1819,1,"+1 influence, +1 Economic. You may destroy a card in your hand or discard pile. +1 influence for each other Economic story you play this turn.",Maryland taxed the national bank; Marshall ruled the power to tax is the power to destroy.,rep,3
tariff_abominations,The Tariff of Abominations,Economic story,Economic,3,1,1,1,0,0,1,0,0,1,0,,0,0,0,0,0,,1828,1828,1,"+1 influence, +1 Economic. You may destroy a card in your hand or discard pile. +1 influence for each other Economic story you play this turn.","Written to be so bad it would fail, and passed anyway.",dem,4
report_manufactures,The Report on Manufactures,Economic story,Economic,4,1,2,1,0,0,0,0,0,1,0,,0,0,0,0,0,,1796,1791,1,"+2 influence, +1 Economic. +1 influence for each other Economic story you play this turn.",Hamilton on why a farming republic should build factories it does not yet want.,rep,0
tea_party,The Boston Tea Party,Economic story,Economic,4,1,2,1,0,0,0,0,0,1,0,,0,0,0,0,0,,1796,1773,1,"+2 influence, +1 Economic. +1 influence for each other Economic story you play this turn.","Three shiploads of East India tea in the harbour, and a question about who governs a colony.",dem,0
tariff_of_1816,The Tariff of 1816,Economic story,Economic,4,1,2,1,0,0,0,0,0,1,0,,0,0,0,0,0,,1816,1816,1,"+2 influence, +1 Economic. +1 influence for each other Economic story you play this turn.","The first protective tariff, passed by southerners who had learned what a blockade does.",rep,2
bank_of_the_us,The Bank of the United States,Economic story,Economic,5,1,2,1,0,0,1,0,0,1,0,,0,0,0,0,0,,1796,1791,1,"+2 influence, +1 Economic. You may destroy a card in your hand or discard pile. +1 influence for each other Economic story you play this turn.","Hamilton's bank, chartered under powers the Constitution never named. Jefferson called it unconstitutional.",dem,0
cumberland_road,The Cumberland Road,Economic story,Economic,5,1,2,1,0,0,1,0,0,1,0,,0,0,0,0,0,,1820,1818,1,"+2 influence, +1 Economic. You may destroy a card in your hand or discard pile. +1 influence for each other Economic story you play this turn.",A federal highway reaches the Ohio at Wheeling. Who pays to mend it is another question.,rep,3
american_system,The American System,Economic story,Economic,5,1,2,1,0,0,1,0,0,1,0,,0,0,0,0,0,,1824,1824,1,"+2 influence, +1 Economic. You may destroy a card in your hand or discard pile. +1 influence for each other Economic story you play this turn.","Clay wanted tariffs, a bank and roads, and to be remembered for all three.",dem,4
specie_circular,The Specie Circular,Economic story,Economic,5,1,2,1,0,0,1,0,0,1,0,,0,0,0,0,0,,1836,1836,1,"+2 influence, +1 Economic. You may destroy a card in your hand or discard pile. +1 influence for each other Economic story you play this turn.",Public land for gold and silver only. The paper economy discovered how thin it was.,rep,5
free_soil,The Free Soil Party,Economic story,Economic,5,1,2,1,0,0,1,0,0,1,0,,0,0,0,0,0,,1848,1848,1,"+2 influence, +1 Economic. You may destroy a card in your hand or discard pile. +1 influence for each other Economic story you play this turn.","Free soil, free speech, free labor and free men. Van Buren ran on it and handed New York to Taylor.",dem,7
compromise_1850,The Compromise of 1850,Economic story,Economic,5,1,2,1,0,0,1,0,0,1,0,,0,0,0,0,0,,1852,1850,1,"+2 influence, +1 Economic. You may destroy a card in your hand or discard pile. +1 influence for each other Economic story you play this turn.",Five bills passed separately because no majority existed for all five together.,rep,8
louisiana_purchase,The Louisiana Purchase,Economic story,Economic,6,2,2,2,0,0,0,4,0,1,0,,0,0,0,0,0,,1804,1803,1,"+2 influence, +2 Economic. Gain a story costing 4 or less from the exchange. +1 influence for each other Economic story you play this turn.","Fifteen million dollars, and a strict constructionist who could not find the clause.",dem,1
gadsden_purchase,The Gadsden Purchase,Economic story,Economic,6,2,2,2,0,0,0,4,0,1,0,,0,0,0,0,0,,1856,1854,1,"+2 influence, +2 Economic. Gain a story costing 4 or less from the exchange. +1 influence for each other Economic story you play this turn.","Ten million dollars of desert, bought for a southern railroad route.",rep,8
transcontinental_railroad,The Pacific Railroad Surveys,Economic story,Economic,7,2,3,2,0,0,0,0,0,1,0,,0,0,0,0,0,,1856,1853,1,"+3 influence, +2 Economic. +1 influence for each other Economic story you play this turn.",Every proposed route was an argument about which section would own the future.,dem,8
gold_rush,The Gold Rush,Economic story,Economic,8,3,4,2,0,0,0,5,0,1,0,,0,0,0,0,0,,1852,1849,1,"+4 influence, +2 Economic. Gain a story costing 5 or less from the exchange. +1 influence for each other Economic story you play this turn.","Ninety thousand people crossed a continent in a year, and California wanted in at once.",rep,8
bill_of_rights,The Bill of Rights,Social story,Social,2,1,1,0,0,1,0,0,0,0,0,,1,0,0,0,0,,1796,1791,1,"+1 influence, draw 1 card. Defense: discard this from your hand to ignore a negative story, and draw a card.","Ten amendments, the first of which said Congress shall make no law abridging the freedom of the press.",dem,0
democratic_societies,The Democratic-Republican Societies,Social story,Social,3,1,0,1,0,1,0,0,1,0,0,,1,0,0,0,0,,1796,1794,1,"+1 Social, draw 1 card. If you play another Social story this turn, +1 influence. Defense: discard this from your hand to ignore a negative story, and draw a card.",Clubs of mechanics and farmers toasting France. Washington blamed them for the rebellion in the west.,rep,0
cherokee_phoenix,The Cherokee Phoenix,Social story,Social,3,1,0,1,0,1,0,0,1,0,0,,1,0,0,0,0,,1828,1828,1,"+1 Social, draw 1 card. If you play another Social story this turn, +1 influence. Defense: discard this from your hand to ignore a negative story, and draw a card.","Printed at New Echota in English and Sequoyah's syllabary, while Georgia eyes the land beneath it.",dem,4
wilmot_proviso,The Wilmot Proviso,Social story,Social,3,1,0,1,0,1,0,0,1,0,0,,1,0,0,0,0,,1848,1846,1,"+1 Social, draw 1 card. If you play another Social story this turn, +1 influence. Defense: discard this from your hand to ignore a negative story, and draw a card.",Neither slavery nor involuntary servitude in any territory taken from Mexico. It passed the House eight times.,rep,7
gazette_of_the_us,The Gazette of the United States,Social story,Social,4,1,0,2,0,1,0,0,1,0,0,,0,0,0,0,0,,1796,1789,1,"+2 Social, draw 1 card. If you play another Social story this turn, +1 influence.",Fenno's paper followed the government to New York and spoke for Hamilton's Treasury.,dem,0
national_gazette,The National Gazette,Social story,Social,4,1,0,2,0,1,0,0,1,0,0,,0,0,0,0,0,,1796,1791,1,"+2 Social, draw 1 card. If you play another Social story this turn, +1 influence.","Freneau's opposition paper, subsidised by a clerkship in Jefferson's own State Department.",rep,0
chesapeake_affair,The Chesapeake Affair,Social story,Social,4,1,0,2,0,1,0,0,1,0,0,,0,0,0,0,0,,1808,1807,1,"+2 Social, draw 1 card. If you play another Social story this turn, +1 influence.",A British broadside into an American frigate in American water. Impressment made personal.,dem,1
missouri_compromise,The Missouri Compromise,Social story,Social,4,1,0,2,0,1,0,0,1,0,0,,0,0,0,0,0,,1820,1820,1,"+2 Social, draw 1 card. If you play another Social story this turn, +1 influence.","A fire bell in the night, muffled for thirty years by a line at 36 degrees 30 minutes.",rep,3
amistad,The Amistad,Social story,Social,4,1,0,2,0,1,0,0,1,0,0,,0,0,0,0,0,,1840,1839,1,"+2 Social, draw 1 card. If you play another Social story this turn, +1 influence.",Africans who seized a slave ship were tried in Connecticut. John Quincy Adams took their case to the Supreme Court.,dem,6
the_liberator,The Liberator,Social story,Social,5,1,1,2,0,1,0,0,0,0,0,,0,0,0,0,0,,1832,1831,1,"+1 influence, +2 Social, draw 1 card.","Garrison's weekly in Boston: ""I will not equivocate - I will not excuse - and I will be heard.""",rep,5
common_sense,Common Sense,Social story,Social,6,2,0,2,0,1,0,0,2,0,0,,1,0,0,0,0,,1796,1776,1,"+2 Social, draw 1 card. If you play another Social story this turn, +2 influence. Defense: discard this from your hand to ignore a negative story, and draw a card.","Paine's pamphlet ran through edition after edition in months. Kings, it turned out, were optional.",dem,0
lowell_mills,The Lowell Mills,Social story,Social,6,2,0,2,0,1,0,0,2,0,0,,1,0,0,0,0,,1828,1826,1,"+2 Social, draw 1 card. If you play another Social story this turn, +2 influence. Defense: discard this from your hand to ignore a negative story, and draw a card.","Textile capital with a moral architecture attached, and a constituency for protection.",rep,4
uncle_toms_cabin,Uncle Tom's Cabin,Social story,Social,7,2,1,2,0,2,0,0,1,0,0,,0,0,0,0,0,,1852,1852,1,"+1 influence, +2 Social, draw 2 cards. If you play another Social story this turn, +1 influence.",Three hundred thousand copies in a year. The best-selling argument any of you ever printed.,dem,8
newburgh,The Newburgh Conspiracy,Negative story,Political,2,0,1,0,0,0,0,0,0,0,0,discard,0,0,0,0,0,,1796,1783,1,+1 influence. Attack: each rival paper discards a card at random; +1 influence if it hits any of them. Worth no prestige.,Unpaid officers threatened Congress. Washington fumbled for his spectacles and talked them down.,rep,0
hartford_convention,The Hartford Convention,Negative story,Social,2,0,1,0,0,0,0,0,0,0,0,discard,0,0,0,0,0,,1816,1814,1,+1 influence. Attack: each rival paper discards a card at random; +1 influence if it hits any of them. Worth no prestige.,"New England Federalists met in secret to discuss leaving, and destroyed their own party.",dem,2
denmark_vesey,Denmark Vesey,Negative story,Social,2,0,1,0,0,0,0,0,0,0,0,discard,0,0,0,0,0,,1824,1822,1,+1 influence. Attack: each rival paper discards a card at random; +1 influence if it hits any of them. Worth no prestige.,"Charleston hangs thirty-five men for a rising that never happened, and tightens every law it has.",rep,4
shays_rebellion,Shays' Rebellion,Negative story,Economic,3,0,1,1,0,0,0,0,0,0,0,discard,0,0,0,0,0,,1796,1786,1,"+1 influence, +1 Economic. Attack: each rival paper discards a card at random; +1 influence if it hits any of them. Worth no prestige.","Farmers closed the courts in western Massachusetts, and the Confederation could do nothing about it.",dem,0
whiskey_rebellion,The Whiskey Rebellion,Negative story,Economic,3,0,1,1,0,0,0,0,0,0,0,discard,0,0,0,0,0,,1796,1794,1,"+1 influence, +1 Economic. Attack: each rival paper discards a card at random; +1 influence if it hits any of them. Worth no prestige.",Thirteen thousand militia marched on western Pennsylvania to collect a tax on whiskey.,rep,0
anti_masonic_party,The Anti-Masonic Party,Negative story,Political,3,0,1,1,0,0,0,0,0,0,0,discard,0,0,0,0,0,,1828,1828,1,"+1 influence, +1 Political. Attack: each rival paper discards a card at random; +1 influence if it hits any of them. Worth no prestige.","A stonemason vanishes in western New York, and a crusade against secret societies becomes a party.",dem,4
gag_rule,The Gag Rule,Negative story,Social,3,0,1,1,0,0,0,0,0,0,0,discard,0,0,0,0,0,,1836,1836,1,"+1 influence, +1 Social. Attack: each rival paper discards a card at random; +1 influence if it hits any of them. Worth no prestige.","Antislavery petitions tabled unread, which turned the right of petition into the argument.",rep,5
boston_massacre,The Boston Massacre,Negative story,Social,4,0,1,1,0,0,0,0,0,0,0,scandal,0,0,0,0,0,,1796,1770,1,"+1 influence, +1 Social. Attack: each rival paper gains a Scandal; +1 influence if it hits any of them. Worth no prestige.",Five dead on King Street. Revere's engraving of it outsold anything true.,dem,0
burr_conspiracy,The Burr Conspiracy,Negative story,Social,4,0,1,1,0,0,0,0,0,0,0,scandal,0,0,0,0,0,,1808,1807,1,"+1 influence, +1 Social. Attack: each rival paper gains a Scandal; +1 influence if it hits any of them. Worth no prestige.",A former Vice President tried for treason over a western empire. Jefferson wanted him hanged; Marshall let him walk.,rep,1
dorr_rebellion,The Dorr Rebellion,Negative story,Social,4,0,1,1,0,0,0,0,0,0,0,scandal,0,0,0,0,0,,1844,1842,1,"+1 influence, +1 Social. Attack: each rival paper gains a Scandal; +1 influence if it hits any of them. Worth no prestige.","Rhode Island briefly had two governors, over who was allowed to vote.",dem,7
tyler_vetoes,His Accidency's Vetoes,Negative story,Political,4,0,1,1,0,0,0,0,0,0,0,scandal,0,0,0,0,0,,1844,1841,1,"+1 influence, +1 Political. Attack: each rival paper gains a Scandal; +1 influence if it hits any of them. Worth no prestige.",Tyler vetoed the Whig bank twice. His cabinet resigned and his party expelled him.,rep,7
filibusters,The Filibusters,Negative story,Economic,4,0,1,1,0,0,0,0,0,0,0,scandal,0,0,0,0,0,,1856,1856,1,"+1 influence, +1 Economic. Attack: each rival paper gains a Scandal; +1 influence if it hits any of them. Worth no prestige.",Walker took Nicaragua with fifty-eight men and reinstated slavery there.,dem,8
lecompton_constitution,The Lecompton Constitution,Negative story,Political,4,0,1,1,0,0,0,0,0,0,0,scandal,0,0,0,0,0,,1860,1857,1,"+1 influence, +1 Political. Attack: each rival paper gains a Scandal; +1 influence if it hits any of them. Worth no prestige.","A proslavery constitution written by a minority, which split the Democratic party in two.",rep,9
bleeding_kansas,Bleeding Kansas,Negative story,Political,5,0,2,1,0,0,0,0,0,0,0,scandal,0,0,0,0,0,,1856,1856,1,"+2 influence, +1 Political. Attack: each rival paper gains a Scandal; +1 influence if it hits any of them. Worth no prestige.","Two territorial governments, two constitutions, and a body count. Circulation soared.",dem,8
sumner_caning,The Caning of Charles Sumner,Negative story,Social,5,0,2,1,0,0,0,0,0,0,0,scandal,0,0,0,0,0,,1856,1856,1,"+2 influence, +1 Social. Attack: each rival paper gains a Scandal; +1 influence if it hits any of them. Worth no prestige.",Beaten unconscious on the Senate floor. The South sent Brooks replacement canes.,rep,8
panic_of_1837,The Panic of 1837,Negative story,Economic,6,0,2,2,0,0,0,0,0,0,0,scandal,0,0,0,0,0,,1840,1837,1,"+2 influence, +2 Economic. Attack: each rival paper gains a Scandal; +1 influence if it hits any of them. Worth no prestige.","Six years of depression, and a president renamed Van Ruin for the duration.",dem,6
pennsylvania_packet,The First American Daily,Media event,,5,1,0,0,0,0,0,0,0,0,0,,0,0,1,0,1,Economic,1796,1784,1,"Stays in play for the rest of the game. Ongoing: at the start of each of your turns, +1 influence. Every other paper gets +1 Economic influence at the start of each of its turns.",The Pennsylvania Packet went daily. Advertisers discovered they could reach a city every morning.,rep,0
cheap_postage,The Cheap Postage Act,Media event,,5,1,0,0,0,0,0,0,0,0,0,,0,0,1,0,1,Social,1852,1851,1,"Stays in play for the rest of the game. Ongoing: at the start of each of your turns, +1 influence. Every other paper gets +1 Social influence at the start of each of its turns.","Congress cut newspaper postage again, and the country weekly reached its county for next to nothing.",dem,8
penny_press,The Penny Press,Media event,,6,2,0,0,0,0,0,0,0,0,0,,0,0,0,1,1,Social,1836,1833,1,"Stays in play for the rest of the game. Ongoing: at the start of each of your turns, draw 1 card. Every other paper gets +1 Social influence at the start of each of its turns.","A cent a copy, sold in the street rather than by subscription. Your own trade, industrialised.",rep,5
associated_press,The Associated Press,Media event,,6,2,0,0,0,0,0,0,0,0,0,,0,0,2,0,1,,1848,1846,1,"Stays in play for the rest of the game. Ongoing: at the start of each of your turns, +2 influence. Every other paper gets +1 influence at the start of each of its turns.","New York papers pooled the cost of news from the Mexican War, and sold it to everyone else.",dem,7
rotary_press,The Rotary Press,Media event,,7,2,0,0,0,0,0,0,0,0,0,,0,0,1,1,1,Economic,1848,1847,1,"Stays in play for the rest of the game. Ongoing: at the start of each of your turns, +1 influence and draw 1 card. Every other paper gets +1 Economic influence at the start of each of its turns.","Hoe's type-revolving press printed thousands of sheets an hour. Circulation was now limited by readers, not machines.",rep,7
