key,name,type,theme,cost,vp,gen,themed,campaign,draw,trash,gain_upto,chain,per_same,per_office,attack,defense,retract,ongoing_gen,ongoing_draw,others_bonus,others_theme,released,year,copies,card_text,flavor
letter,Letter to the Editor,Starter,,0,0,1,0,0,0,0,0,0,0,0,,0,0,0,0,0,,,,7,+1 influence.,"A subscriber's opinion, printed at no charge."
notice,Local Notice,Starter,,0,0,0,0,0,0,0,0,0,0,0,,0,0,0,0,0,,,,3,No effect. Destroy it when you can.,"Strayed cattle, a church supper. Fills the column; moves no one."
editorial,Editorial,Editorial,,3,1,2,0,0,0,0,0,0,0,0,,0,0,0,0,0,,,,16,+2 influence.,"The editor's own voice, always on offer."
scandal,Scandal,Scandal,,0,-1,0,0,0,0,0,0,0,0,0,,0,0,0,0,0,,,,20,-1 prestige at the end of the game.,Something printed about you. It will not go away.
stamp_act,The Stamp Act,Negative story,Economic,3,1,1,1,0,0,0,0,0,0,0,discard,0,0,0,0,0,,1796,1765,1,"+1 influence, +1 Economic. Attack: each rival paper discards a card at random.","A tax on every sheet a printer used. The printers led the resistance, and never forgot who had tried to tax the press."
boston_massacre,The Boston Massacre,Negative story,Social,4,1,1,1,0,0,0,0,0,0,0,scandal,0,0,0,0,0,,1796,1770,1,"+1 influence, +1 Social. Attack: each rival paper gains a Scandal.",Five dead on King Street. Revere's engraving of it outsold anything true.
tea_party,The Boston Tea Party,Economic story,Economic,4,1,2,1,0,0,0,0,0,1,0,,0,0,0,0,0,,1796,1773,1,"+2 influence, +1 Economic. +1 influence for each other Economic story you play this turn.","Three shiploads of East India tea in the harbour, and a question about who governs a colony."
common_sense,Common Sense,Social story,Social,6,2,0,2,0,1,0,0,2,0,0,,1,0,0,0,0,,1796,1776,1,"+2 Social, draw 1 card. If you play another Social story this turn, +2 influence. Defense: discard this from your hand to ignore a negative story, and draw a card.","Paine's pamphlet ran through edition after edition in months. Kings, it turned out, were optional."
declaration,The Declaration of Independence,Political story,Political,5,1,2,2,2,0,0,0,0,0,0,,0,1,0,0,0,,1796,1776,1,"+2 influence, +2 Political, +2 Campaign (elections only). Retraction: draw a card, and you may destroy a Scandal in your hand or discard pile.",Printed overnight as a broadside and read aloud from courthouse steps. Everyone would claim it.
saratoga,Saratoga,Political story,Political,5,1,2,2,2,0,0,0,0,0,0,,0,1,0,0,0,,1796,1777,1,"+2 influence, +2 Political, +2 Campaign (elections only). Retraction: draw a card, and you may destroy a Scandal in your hand or discard pile.","Burgoyne surrendered an army, and France decided the rebellion was worth backing."
valley_forge,Valley Forge,Social story,Social,2,1,1,0,0,1,0,0,0,0,0,,1,0,0,0,0,,1796,1777,1,"+1 influence, draw 1 card. Defense: discard this from your hand to ignore a negative story, and draw a card.",A winter camp starved by a Congress that could ask the states for supplies but not require them.
articles_confederation,The Articles of Confederation,Political story,Political,2,1,1,2,0,0,0,0,0,0,0,,0,0,0,0,0,,1796,1781,1,"+1 influence, +2 Political.","A league of friendship among sovereign states, with no power to tax and no one to enforce it."
newburgh,The Newburgh Conspiracy,Negative story,Political,2,1,1,0,0,0,0,0,0,0,0,discard,0,0,0,0,0,,1796,1783,1,+1 influence. Attack: each rival paper discards a card at random.,Unpaid officers threatened Congress. Washington fumbled for his spectacles and talked them down.
treaty_of_paris,The Treaty of Paris,Economic story,Economic,6,2,2,2,0,0,0,4,0,0,0,,0,0,0,0,0,,1796,1783,1,"+2 influence, +2 Economic. Gain a story costing 4 or less from the exchange.","Independence, fisheries and the land to the Mississippi. Peace sells as well as war."
pennsylvania_packet,The First American Daily,Media event,,5,1,0,0,0,0,0,0,0,0,0,,0,0,1,0,1,Economic,1796,1784,1,"Stays in play for the rest of the game. Ongoing: at the start of each of your turns, +1 influence. Every other paper gets +1 Economic influence at the start of each of its turns.",The Pennsylvania Packet went daily. Advertisers discovered they could reach a city every morning.
shays_rebellion,Shays' Rebellion,Negative story,Economic,3,1,1,1,0,0,0,0,0,0,0,discard,0,0,0,0,0,,1796,1786,1,"+1 influence, +1 Economic. Attack: each rival paper discards a card at random.","Farmers closed the courts in western Massachusetts, and the Confederation could do nothing about it."
antifederalist_papers,Brutus and the Federal Farmer,Political story,Political,3,1,1,2,1,0,0,0,0,0,0,,0,0,0,0,0,,1796,1787,1,"+1 influence, +2 Political, +1 Campaign (elections only).",The case against ratification: a consolidated government would swallow the states and the liberties with them.
constitutional_convention,The Constitutional Convention,Political story,Political,3,1,1,2,1,0,0,0,0,0,0,,0,0,0,0,0,,1796,1787,1,"+1 influence, +2 Political, +1 Campaign (elections only).",Delegates sent to amend the Articles locked the doors in Philadelphia and wrote a new government.
federalist_papers,The Federalist,Political story,Political,4,1,1,2,0,0,0,0,0,0,1,,0,1,0,0,0,,1796,1787,1,"+1 influence, +2 Political. +1 Political for each election you have won. Retraction: draw a card, and you may destroy a Scandal in your hand or discard pile.","Eighty-five essays by Publius in the New York papers, arguing for a government that could act."
northwest_ordinance,The Northwest Ordinance,Economic story,Economic,3,1,1,1,0,0,1,0,0,0,0,,0,0,0,0,0,,1796,1787,1,"+1 influence, +1 Economic. You may destroy a card in your hand or discard pile.","Congress would govern the western territories, and no slavery would cross the Ohio."
gazette_of_the_us,The Gazette of the United States,Social story,Social,4,1,0,2,0,1,0,0,1,0,0,,0,0,0,0,0,,1796,1789,1,"+2 Social, draw 1 card. If you play another Social story this turn, +1 influence.",Fenno's paper followed the government to New York and spoke for Hamilton's Treasury.
judiciary_act,The Judiciary Act,Political story,Political,2,1,1,2,0,0,0,0,0,0,0,,0,0,0,0,0,,1796,1789,1,"+1 influence, +2 Political.","A Supreme Court, circuit courts and district courts: the federal government acquired a reach."
assumption,The Assumption of State Debts,Economic story,Economic,4,1,2,1,0,0,0,0,0,1,0,,0,0,0,0,0,,1796,1790,1,"+2 influence, +1 Economic. +1 influence for each other Economic story you play this turn.","The nation took on the war debts of the states, and the speculators who held them grew rich."
residence_act,The Residence Act,Economic story,Economic,4,1,2,1,0,0,0,0,0,1,0,,0,0,0,0,0,,1796,1790,1,"+2 influence, +1 Economic. +1 influence for each other Economic story you play this turn.","The capital would go to the Potomac, the price the South extracted for assumption."
bank_of_the_us,The Bank of the United States,Economic story,Economic,5,1,2,1,0,0,1,0,0,0,0,,0,0,0,0,0,,1796,1791,1,"+2 influence, +1 Economic. You may destroy a card in your hand or discard pile.","Hamilton's bank, chartered under powers the Constitution never named. Jefferson called it unconstitutional."
bill_of_rights,The Bill of Rights,Social story,Social,2,1,1,0,0,1,0,0,0,0,0,,1,0,0,0,0,,1796,1791,1,"+1 influence, draw 1 card. Defense: discard this from your hand to ignore a negative story, and draw a card.","Ten amendments, the first of which said Congress shall make no law abridging the freedom of the press."
national_gazette,The National Gazette,Social story,Social,4,1,0,2,0,1,0,0,1,0,0,,0,0,0,0,0,,1796,1791,1,"+2 Social, draw 1 card. If you play another Social story this turn, +1 influence.","Freneau's opposition paper, subsidised by a clerkship in Jefferson's own State Department."
report_manufactures,The Report on Manufactures,Economic story,Economic,4,1,2,1,0,0,0,0,0,1,0,,0,0,0,0,0,,1796,1791,1,"+2 influence, +1 Economic. +1 influence for each other Economic story you play this turn.",Hamilton on why a farming republic should build factories it does not yet want.
rights_of_man,The Rights of Man,Social story,Social,4,1,0,2,0,1,0,0,1,0,0,,0,0,0,0,0,,1796,1791,1,"+2 Social, draw 1 card. If you play another Social story this turn, +1 influence.","Paine's defence of the French Revolution, printed in America with a note from the Secretary of State."
postal_act_1792,The Postal Act of 1792,Media event,,6,2,0,0,0,0,0,0,0,0,0,,0,0,0,1,1,Political,1796,1792,1,"Stays in play for the rest of the game. Ongoing: at the start of each of your turns, draw 1 card. Every other paper gets +1 Political influence at the start of each of its turns.","Newspapers carried anywhere in the Union for a cent or a cent and a half, and printers swapped papers postage-free. A national press became a business."
citizen_genet,Citizen Genet,Negative story,Social,3,1,1,1,0,0,0,0,0,0,0,discard,0,0,0,0,0,,1796,1793,1,"+1 influence, +1 Social. Attack: each rival paper discards a card at random.","The French minister appealed to the people over Washington's head, and embarrassed his friends."
democratic_societies,The Democratic-Republican Societies,Social story,Social,3,1,0,1,0,1,0,0,1,0,0,,1,0,0,0,0,,1796,1794,1,"+1 Social, draw 1 card. If you play another Social story this turn, +1 influence. Defense: discard this from your hand to ignore a negative story, and draw a card.",Clubs of mechanics and farmers toasting France. Washington blamed them for the rebellion in the west.
whiskey_rebellion,The Whiskey Rebellion,Negative story,Economic,3,1,1,1,0,0,0,0,0,0,0,discard,0,0,0,0,0,,1796,1794,1,"+1 influence, +1 Economic. Attack: each rival paper discards a card at random.",Thirteen thousand militia marched on western Pennsylvania to collect a tax on whiskey.
jay_treaty,The Jay Treaty,Political story,Political,4,1,1,2,0,0,0,0,0,0,1,,0,1,0,0,0,,1796,1795,1,"+1 influence, +2 Political. +1 Political for each election you have won. Retraction: draw a card, and you may destroy a Scandal in your hand or discard pile.","Peace with Britain, bought with the carrying trade. Burned in effigy from Boston to Charleston."
alien_sedition,The Alien and Sedition Acts,Negative story,Social,2,1,1,0,0,0,0,0,0,0,0,discard,0,0,0,0,0,,1800,1798,1,+1 influence. Attack: each rival paper discards a card at random.,"Twenty-five arrests, and most of them printers. The press learned what it was worth."
kentucky_resolutions,The Kentucky and Virginia Resolutions,Political story,Political,2,1,1,2,0,0,0,0,0,0,0,,0,0,0,0,0,,1800,1798,1,"+1 influence, +2 Political.","Jefferson and Madison, anonymously, arguing that a state might judge the compact for itself."
xyz_affair,The XYZ Affair,Negative story,Social,4,1,1,1,0,0,0,0,0,0,0,scandal,0,0,0,0,0,,1800,1798,1,"+1 influence, +1 Social. Attack: each rival paper gains a Scandal.","Millions for defence, not one cent for tribute. The best copy the Federalists ever had."
marbury,Marbury v. Madison,Political story,Political,2,1,1,2,0,0,0,0,0,0,0,,0,0,0,0,0,,1804,1803,1,"+1 influence, +2 Political.",Marshall gave up a commission and took the power to void an act of Congress.
louisiana_purchase,The Louisiana Purchase,Economic story,Economic,6,2,2,2,0,0,0,4,0,0,0,,0,0,0,0,0,,1804,1803,1,"+2 influence, +2 Economic. Gain a story costing 4 or less from the exchange.","Fifteen million dollars, and a strict constructionist who could not find the clause."
burr_conspiracy,The Burr Conspiracy,Negative story,Social,4,1,1,1,0,0,0,0,0,0,0,scandal,0,0,0,0,0,,1808,1807,1,"+1 influence, +1 Social. Attack: each rival paper gains a Scandal.",A former Vice President tried for treason over a western empire. Jefferson wanted him hanged; Marshall let him walk.
chesapeake_affair,The Chesapeake Affair,Social story,Social,4,1,0,2,0,1,0,0,1,0,0,,0,0,0,0,0,,1808,1807,1,"+2 Social, draw 1 card. If you play another Social story this turn, +1 influence.",A British broadside into an American frigate in American water. Impressment made personal.
embargo_act,The Embargo Act,Economic story,Economic,3,1,1,1,0,0,1,0,0,0,0,,0,0,0,0,0,,1808,1807,1,"+1 influence, +1 Economic. You may destroy a card in your hand or discard pile.",Grass grew on the wharves of Salem. New England read it as a southern war on shipping.
niles_register,Niles' Weekly Register,Media event,,5,1,0,0,0,0,0,0,0,0,0,,0,0,1,0,1,Political,1812,1811,1,"Stays in play for the rest of the game. Ongoing: at the start of each of your turns, +1 influence. Every other paper gets +1 Political influence at the start of each of its turns.","A Baltimore weekly of documents, prices and speeches, read in every state and quoted by every rival."
tippecanoe,Tippecanoe,Social story,Social,4,1,0,2,0,1,0,0,1,0,0,,0,0,0,0,0,,1812,1811,1,"+2 Social, draw 1 card. If you play another Social story this turn, +1 influence.",Harrison's battle on the Wabash. It would still be winning him votes thirty years later.
war_of_1812,Mr. Madison's War,Political story,Political,4,1,1,2,0,0,0,0,0,0,1,,0,1,0,0,0,,1812,1812,1,"+1 influence, +2 Political. +1 Political for each election you have won. Retraction: draw a card, and you may destroy a Scandal in your hand or discard pile.","The second war of independence, or a Virginian adventure at New England expense."
gerrymander,The Gerrymander,Negative story,Political,4,1,1,1,0,0,0,0,0,0,0,scandal,0,0,0,0,0,,1812,1812,1,"+1 influence, +1 Political. Attack: each rival paper gains a Scandal.","A Massachusetts district drawn in the shape of a salamander, signed into law by Governor Gerry."
hartford_convention,The Hartford Convention,Negative story,Social,2,1,1,0,0,0,0,0,0,0,0,discard,0,0,0,0,0,,1816,1814,1,+1 influence. Attack: each rival paper discards a card at random.,"New England Federalists met in secret to discuss leaving, and destroyed their own party."
treaty_of_ghent,The Treaty of Ghent,Political story,Political,5,1,2,2,2,0,0,0,0,0,0,,0,1,0,0,0,,1816,1814,1,"+2 influence, +2 Political, +2 Campaign (elections only). Retraction: draw a card, and you may destroy a Scandal in your hand or discard pile.",Status quo ante bellum. Everyone claimed to have won.
second_bank,The Second Bank of the United States,Economic story,Economic,5,1,2,1,0,0,1,0,0,0,0,,0,0,0,0,0,,1816,1816,1,"+2 influence, +1 Economic. You may destroy a card in your hand or discard pile.","A national currency, and a monster, depending on which paper you took."
tariff_of_1816,The Tariff of 1816,Economic story,Economic,4,1,2,1,0,0,0,0,0,1,0,,0,0,0,0,0,,1816,1816,1,"+2 influence, +1 Economic. +1 influence for each other Economic story you play this turn.","The first protective tariff, passed by southerners who had learned what a blockade does."
cumberland_road,The Cumberland Road,Economic story,Economic,5,1,2,1,0,0,1,0,0,0,0,,0,0,0,0,0,,1820,1818,1,"+2 influence, +1 Economic. You may destroy a card in your hand or discard pile.",A federal highway reaches the Ohio at Wheeling. Who pays to mend it is another question.
mcculloch,McCulloch v. Maryland,Economic story,Economic,3,1,1,1,0,0,1,0,0,0,0,,0,0,0,0,0,,1820,1819,1,"+1 influence, +1 Economic. You may destroy a card in your hand or discard pile.",Maryland taxed the national bank; Marshall ruled the power to tax is the power to destroy.
adams_onis,The Adams-Onis Treaty,Political story,Political,5,1,2,2,2,0,0,0,0,0,0,,0,1,0,0,0,,1820,1819,1,"+2 influence, +2 Political, +2 Campaign (elections only). Retraction: draw a card, and you may destroy a Scandal in your hand or discard pile.","Spain gives up Florida, and a line is drawn to the Pacific on paper."
panic_of_1819,The Panic of 1819,Negative story,Economic,5,1,2,1,0,0,0,0,0,0,0,scandal,0,0,0,0,0,,1820,1819,1,"+2 influence, +1 Economic. Attack: each rival paper gains a Scandal.",The Bank called in its loans and the west discovered what credit was.
missouri_compromise,The Missouri Compromise,Social story,Social,4,1,0,2,0,1,0,0,1,0,0,,0,0,0,0,0,,1820,1820,1,"+2 Social, draw 1 card. If you play another Social story this turn, +1 influence.","A fire bell in the night, muffled for thirty years by a line at 36 degrees 30 minutes."
denmark_vesey,Denmark Vesey,Negative story,Social,2,1,1,0,0,0,0,0,0,0,0,discard,0,0,0,0,0,,1824,1822,1,+1 influence. Attack: each rival paper discards a card at random.,"Charleston hangs thirty-five men for a rising that never happened, and tightens every law it has."
crawford_radicals,The Crawford Radicals,Negative story,Political,3,1,1,1,0,0,0,0,0,0,0,discard,0,0,0,0,0,,1824,1823,1,"+1 influence, +1 Political. Attack: each rival paper discards a card at random.",The Old Republicans rallied behind Crawford and the caucus. A stroke left their man half-blind before the canvass began.
monroe_doctrine,The Monroe Doctrine,Political story,Political,4,1,1,2,0,0,0,0,0,0,1,,0,1,0,0,0,,1824,1823,1,"+1 influence, +2 Political. +1 Political for each election you have won. Retraction: draw a card, and you may destroy a Scandal in your hand or discard pile.","A hemisphere closed to European colonisation, announced by a nation that could not enforce it."
american_system,The American System,Economic story,Economic,5,1,2,1,0,0,1,0,0,0,0,,0,0,0,0,0,,1824,1824,1,"+2 influence, +1 Economic. You may destroy a card in your hand or discard pile.","Clay wanted tariffs, a bank and roads, and to be remembered for all three."
erie_canal,The Erie Canal,Economic story,Economic,6,2,2,2,0,0,0,4,0,0,0,,0,0,0,0,0,,1828,1825,1,"+2 influence, +2 Economic. Gain a story costing 4 or less from the exchange.","Three hundred and sixty-three miles, and the price of flour in New York fell by half."
lowell_mills,The Lowell Mills,Social story,Social,6,2,0,2,0,1,0,0,2,0,0,,1,0,0,0,0,,1828,1826,1,"+2 Social, draw 1 card. If you play another Social story this turn, +2 influence. Defense: discard this from your hand to ignore a negative story, and draw a card.","Textile capital with a moral architecture attached, and a constituency for protection."
freedoms_journal,Freedom's Journal,Social story,Social,3,1,0,1,0,1,0,0,1,0,0,,1,0,0,0,0,,1828,1827,1,"+1 Social, draw 1 card. If you play another Social story this turn, +1 influence. Defense: discard this from your hand to ignore a negative story, and draw a card.","The first newspaper owned and edited by Black Americans: ""We wish to plead our own cause."""
anti_masonic_party,The Anti-Masonic Party,Negative story,Political,3,1,1,1,0,0,0,0,0,0,0,discard,0,0,0,0,0,,1828,1828,1,"+1 influence, +1 Political. Attack: each rival paper discards a card at random.","A stonemason vanishes in western New York, and a crusade against secret societies becomes a party."
cherokee_phoenix,The Cherokee Phoenix,Social story,Social,3,1,0,1,0,1,0,0,1,0,0,,1,0,0,0,0,,1828,1828,1,"+1 Social, draw 1 card. If you play another Social story this turn, +1 influence. Defense: discard this from your hand to ignore a negative story, and draw a card.","Printed at New Echota in English and Sequoyah's syllabary, while Georgia eyes the land beneath it."
sc_exposition,The South Carolina Exposition,Political story,Political,2,1,1,2,0,0,0,0,0,0,0,,0,0,0,0,0,,1828,1828,1,"+1 influence, +2 Political.","Calhoun, anonymously and while Vice President, on the right of a state to say no."
tariff_abominations,The Tariff of Abominations,Economic story,Economic,3,1,1,1,0,0,1,0,0,0,0,,0,0,0,0,0,,1828,1828,1,"+1 influence, +1 Economic. You may destroy a card in your hand or discard pile.","Written to be so bad it would fail, and passed anyway."
cotton_boom,The Cotton Boom,Economic story,Economic,8,3,4,2,0,0,0,5,0,0,0,,0,0,0,0,0,,1832,1830,1,"+4 influence, +2 Economic. Gain a story costing 5 or less from the exchange.","Two thirds of American exports, sold to Liverpool. Independence was never that simple."
indian_removal,The Indian Removal Act,Political story,Political,4,1,1,2,0,0,0,0,0,0,1,,0,1,0,0,0,,1832,1830,1,"+1 influence, +2 Political. +1 Political for each election you have won. Retraction: draw a card, and you may destroy a Scandal in your hand or discard pile.","Congress votes the money to move the southern nations west, and calls it voluntary."
webster_hayne,The Webster-Hayne Debate,Political story,Political,5,1,2,2,2,0,0,0,0,0,0,,0,1,0,0,0,,1832,1830,1,"+2 influence, +2 Political, +2 Campaign (elections only). Retraction: draw a card, and you may destroy a Scandal in your hand or discard pile.","Liberty and Union, now and forever, one and inseparable. It sold very well in print."
the_liberator,The Liberator,Social story,Social,5,1,1,2,0,1,0,0,0,0,0,,0,0,0,0,0,,1832,1831,1,"+1 influence, +2 Social, draw 1 card.","Garrison's weekly in Boston: ""I will not equivocate - I will not excuse - and I will be heard."""
bank_war,The Bank War,Economic story,Economic,5,1,2,1,0,0,1,0,0,0,0,,0,0,0,0,0,,1832,1832,1,"+2 influence, +1 Economic. You may destroy a card in your hand or discard pile.",The Bank tried to make itself the election. Jackson was delighted to oblige.
force_bill,The Force Bill,Political story,Political,3,1,1,2,1,0,0,0,0,0,0,,0,0,0,0,0,,1836,1833,1,"+1 influence, +2 Political, +1 Campaign (elections only).","Authority to collect the tariff by arms, signed the same day as the compromise that made it moot."
penny_press,The Penny Press,Media event,,6,2,0,0,0,0,0,0,0,0,0,,0,0,0,1,1,Social,1836,1833,1,"Stays in play for the rest of the game. Ongoing: at the start of each of your turns, draw 1 card. Every other paper gets +1 Social influence at the start of each of its turns.","A cent a copy, sold in the street rather than by subscription. Your own trade, industrialised."
gag_rule,The Gag Rule,Negative story,Social,3,1,1,1,0,0,0,0,0,0,0,discard,0,0,0,0,0,,1836,1836,1,"+1 influence, +1 Social. Attack: each rival paper discards a card at random.","Antislavery petitions tabled unread, which turned the right of petition into the argument."
specie_circular,The Specie Circular,Economic story,Economic,5,1,2,1,0,0,1,0,0,0,0,,0,0,0,0,0,,1836,1836,1,"+2 influence, +1 Economic. You may destroy a card in your hand or discard pile.",Public land for gold and silver only. The paper economy discovered how thin it was.
panic_of_1837,The Panic of 1837,Negative story,Economic,6,2,2,2,0,0,0,0,0,0,0,scandal,0,0,0,0,0,,1840,1837,1,"+2 influence, +2 Economic. Attack: each rival paper gains a Scandal.","Six years of depression, and a president renamed Van Ruin for the duration."
amistad,The Amistad,Social story,Social,4,1,0,2,0,1,0,0,1,0,0,,0,0,0,0,0,,1840,1839,1,"+2 Social, draw 1 card. If you play another Social story this turn, +1 influence.",Africans who seized a slave ship were tried in Connecticut. John Quincy Adams took their case to the Supreme Court.
log_cabin_campaign,Log Cabin and Hard Cider,Social story,Social,6,2,0,2,0,1,0,0,2,0,0,,1,0,0,0,0,,1840,1840,1,"+2 Social, draw 1 card. If you play another Social story this turn, +2 influence. Defense: discard this from your hand to ignore a negative story, and draw a card.","The Whigs sold a Virginia planter's son as a frontiersman, and printed songbooks by the hundred thousand."
tyler_vetoes,His Accidency's Vetoes,Negative story,Political,4,1,1,1,0,0,0,0,0,0,0,scandal,0,0,0,0,0,,1844,1841,1,"+1 influence, +1 Political. Attack: each rival paper gains a Scandal.",Tyler vetoed the Whig bank twice. His cabinet resigned and his party expelled him.
dorr_rebellion,The Dorr Rebellion,Negative story,Social,4,1,1,1,0,0,0,0,0,0,0,scandal,0,0,0,0,0,,1844,1842,1,"+1 influence, +1 Social. Attack: each rival paper gains a Scandal.","Rhode Island briefly had two governors, over who was allowed to vote."
webster_ashburton,The Webster-Ashburton Treaty,Economic story,Economic,5,1,2,1,0,0,1,0,0,0,0,,0,0,0,0,0,,1844,1842,1,"+2 influence, +1 Economic. You may destroy a card in your hand or discard pile.","The Maine border settled by negotiation, without the war the papers had been promising."
telegraph,The Magnetic Telegraph,Media event,,7,2,0,0,0,0,0,0,0,0,0,,0,0,1,1,1,,1844,1844,1,"Stays in play for the rest of the game. Ongoing: at the start of each of your turns, +1 influence and draw 1 card. Every other paper gets +1 influence at the start of each of its turns.",Morse's line from Washington to Baltimore. News now moved faster than the mail that carried the papers.
texas_annexation,The Annexation of Texas,Political story,Political,6,2,2,3,0,0,0,0,0,0,1,,0,1,0,0,0,,1848,1845,1,"+2 influence, +3 Political. +1 Political for each election you have won. Retraction: draw a card, and you may destroy a Scandal in your hand or discard pile.",Admitted by joint resolution because a treaty could not get two thirds.
oregon_treaty,Fifty-four Forty,Social story,Social,5,1,1,2,0,1,0,0,0,0,0,,0,0,0,0,0,,1848,1846,1,"+1 influence, +2 Social, draw 1 card.","Fifty-four forty or fight, settled quietly at forty-nine."
associated_press,The Associated Press,Media event,,6,2,0,0,0,0,0,0,0,0,0,,0,0,2,0,1,,1848,1846,1,"Stays in play for the rest of the game. Ongoing: at the start of each of your turns, +2 influence. Every other paper gets +1 influence at the start of each of its turns.","New York papers pooled the cost of news from the Mexican War, and sold it to everyone else."
mexican_war,The Mexican War,Political story,Political,6,2,2,3,0,0,0,0,0,0,1,,0,1,0,0,0,,1848,1846,1,"+2 influence, +3 Political. +1 Political for each election you have won. Retraction: draw a card, and you may destroy a Scandal in your hand or discard pile.","American blood shed on American soil, if you accepted where the soil began."
wilmot_proviso,The Wilmot Proviso,Social story,Social,3,1,0,1,0,1,0,0,1,0,0,,1,0,0,0,0,,1848,1846,1,"+1 Social, draw 1 card. If you play another Social story this turn, +1 influence. Defense: discard this from your hand to ignore a negative story, and draw a card.",Neither slavery nor involuntary servitude in any territory taken from Mexico. It passed the House eight times.
rotary_press,The Rotary Press,Media event,,7,2,0,0,0,0,0,0,0,0,0,,0,0,1,1,1,Economic,1848,1847,1,"Stays in play for the rest of the game. Ongoing: at the start of each of your turns, +1 influence and draw 1 card. Every other paper gets +1 Economic influence at the start of each of its turns.","Hoe's type-revolving press printed thousands of sheets an hour. Circulation was now limited by readers, not machines."
free_soil,The Free Soil Party,Economic story,Economic,5,1,2,1,0,0,1,0,0,0,0,,0,0,0,0,0,,1848,1848,1,"+2 influence, +1 Economic. You may destroy a card in your hand or discard pile.","Free soil, free speech, free labor and free men. Van Buren ran on it and handed New York to Taylor."
gold_rush,The Gold Rush,Economic story,Economic,8,3,4,2,0,0,0,5,0,0,0,,0,0,0,0,0,,1852,1849,1,"+4 influence, +2 Economic. Gain a story costing 5 or less from the exchange.","Ninety thousand people crossed a continent in a year, and California wanted in at once."
compromise_1850,The Compromise of 1850,Economic story,Economic,5,1,2,1,0,0,1,0,0,0,0,,0,0,0,0,0,,1852,1850,1,"+2 influence, +1 Economic. You may destroy a card in your hand or discard pile.",Five bills passed separately because no majority existed for all five together.
fugitive_slave_act,The Fugitive Slave Act,Negative story,Social,4,1,1,1,0,0,0,0,0,0,0,scandal,0,0,0,0,0,,1852,1850,1,"+1 influence, +1 Social. Attack: each rival paper gains a Scandal.","Federal power used against the North on behalf of the South, and it radicalised both."
georgia_platform,The Georgia Platform,Political story,Political,4,1,1,2,0,0,0,0,0,0,1,,0,1,0,0,0,,1852,1850,1,"+1 influence, +2 Political. +1 Political for each election you have won. Retraction: draw a card, and you may destroy a Scandal in your hand or discard pile.","Georgia would accept the Compromise, and named the conditions under which it would not."
nashville_convention,The Nashville Convention,Negative story,Political,3,1,1,1,0,0,0,0,0,0,0,discard,0,0,0,0,0,,1852,1850,1,"+1 influence, +1 Political. Attack: each rival paper discards a card at random.",Nine states met to consider what the South would do if the territories were closed.
cheap_postage,The Cheap Postage Act,Media event,,5,1,0,0,0,0,0,0,0,0,0,,0,0,1,0,1,Social,1852,1851,1,"Stays in play for the rest of the game. Ongoing: at the start of each of your turns, +1 influence. Every other paper gets +1 Social influence at the start of each of its turns.","Congress cut newspaper postage again, and the country weekly reached its county for next to nothing."
uncle_toms_cabin,Uncle Tom's Cabin,Social story,Social,7,2,1,2,0,2,0,0,1,0,0,,0,0,0,0,0,,1852,1852,1,"+1 influence, +2 Social, draw 2 cards. If you play another Social story this turn, +1 influence.",Three hundred thousand copies in a year. The best-selling argument any of you ever printed.
transcontinental_railroad,The Pacific Railroad Surveys,Economic story,Economic,7,2,3,2,0,0,0,0,0,1,0,,0,0,0,0,0,,1856,1853,1,"+3 influence, +2 Economic. +1 influence for each other Economic story you play this turn.",Every proposed route was an argument about which section would own the future.
gadsden_purchase,The Gadsden Purchase,Economic story,Economic,6,2,2,2,0,0,0,4,0,0,0,,0,0,0,0,0,,1856,1854,1,"+2 influence, +2 Economic. Gain a story costing 4 or less from the exchange.","Ten million dollars of desert, bought for a southern railroad route."
kansas_nebraska,The Kansas-Nebraska Act,Political story,Political,4,1,1,2,0,0,0,0,0,0,1,,0,1,0,0,0,,1856,1854,1,"+1 influence, +2 Political. +1 Political for each election you have won. Retraction: draw a card, and you may destroy a Scandal in your hand or discard pile.","Douglas repealed the Missouri line to get his railroad, and detonated the party system."
ostend_manifesto,The Ostend Manifesto,Negative story,Economic,4,1,1,1,0,0,0,0,0,0,0,scandal,0,0,0,0,0,,1856,1854,1,"+1 influence, +1 Economic. Attack: each rival paper gains a Scandal.","Three ministers abroad proposed simply taking Cuba, and someone leaked it."
personal_liberty_laws,The Personal Liberty Laws,Social story,Social,4,1,0,2,0,1,0,0,1,0,0,,0,0,0,0,0,,1856,1855,1,"+2 Social, draw 1 card. If you play another Social story this turn, +1 influence.","Northern states nullifying a federal statute, which the South noticed with interest."
bleeding_kansas,Bleeding Kansas,Negative story,Political,5,1,2,1,0,0,0,0,0,0,0,scandal,0,0,0,0,0,,1856,1856,1,"+2 influence, +1 Political. Attack: each rival paper gains a Scandal.","Two territorial governments, two constitutions, and a body count. Circulation soared."
sumner_caning,The Caning of Charles Sumner,Negative story,Social,5,1,2,1,0,0,0,0,0,0,0,scandal,0,0,0,0,0,,1856,1856,1,"+2 influence, +1 Social. Attack: each rival paper gains a Scandal.",Beaten unconscious on the Senate floor. The South sent Brooks replacement canes.
filibusters,The Filibusters,Negative story,Economic,4,1,1,1,0,0,0,0,0,0,0,scandal,0,0,0,0,0,,1856,1856,1,"+1 influence, +1 Economic. Attack: each rival paper gains a Scandal.",Walker took Nicaragua with fifty-eight men and reinstated slavery there.
dred_scott,Dred Scott v. Sandford,Economic story,Economic,4,1,2,1,0,0,0,0,0,1,0,,0,0,0,0,0,,1860,1857,1,"+2 influence, +1 Economic. +1 influence for each other Economic story you play this turn.","No rights which the white man was bound to respect, and Congress powerless in the territories."
lecompton_constitution,The Lecompton Constitution,Negative story,Political,4,1,1,1,0,0,0,0,0,0,0,scandal,0,0,0,0,0,,1860,1857,1,"+1 influence, +1 Political. Attack: each rival paper gains a Scandal.","A proslavery constitution written by a minority, which split the Democratic party in two."
freeport_doctrine,The Freeport Doctrine,Political story,Political,5,1,2,2,2,0,0,0,0,0,0,,0,1,0,0,0,,1860,1858,1,"+2 influence, +2 Political, +2 Campaign (elections only). Retraction: draw a card, and you may destroy a Scandal in your hand or discard pile.",Douglas held that a territory could exclude slavery by simply declining to police it. It cost him the South.
lincoln_douglas,The Lincoln-Douglas Debates,Political story,Political,6,2,2,3,0,0,0,0,0,0,1,,0,1,0,0,0,,1860,1858,1,"+2 influence, +3 Political. +1 Political for each election you have won. Retraction: draw a card, and you may destroy a Scandal in your hand or discard pile.","Seven towns, three hours each, printed verbatim in every paper in the country. Including yours."
ableman_v_booth,Ableman v. Booth,Social story,Social,3,1,0,1,0,1,0,0,1,0,0,,1,0,0,0,0,,1860,1859,1,"+1 Social, draw 1 card. If you play another Social story this turn, +1 influence. Defense: discard this from your hand to ignore a negative story, and draw a card.",Taney told Wisconsin that no state court could overrule a federal one.
john_browns_raid,John Brown at Harpers Ferry,Negative story,Social,5,1,2,1,0,0,0,0,0,0,0,scandal,0,0,0,0,0,,1860,1859,1,"+2 influence, +1 Social. Attack: each rival paper gains a Scandal.","A martyr or a murderer, and no paper in the country could avoid choosing."
