space,year,era,vp,nation,nation_theme,nation_threshold,states,states_theme,states_threshold,historical_winner,patron_gen,patron_themed,card_text
1,1796,I,3,John Adams,Political,8,Thomas Jefferson,Social,10,nation,1,2,"Elect one candidate: reach that candidate's threshold (Political or Social influence count toward that candidate). Gain this card as that candidate's Patron: when you play it, +1 influence and +2 of the candidate's theme. Worth 3 prestige."
2,1800,I,3,John Adams,Social,10,Thomas Jefferson,Political,8,states,1,2,"Elect one candidate: reach that candidate's threshold (Social or Political influence count toward that candidate). Gain this card as that candidate's Patron: when you play it, +1 influence and +2 of the candidate's theme. Worth 3 prestige."
3,1804,I,3,Thomas Jefferson,Political,9,Charles C. Pinckney,Economic,11,nation,1,2,"Elect one candidate: reach that candidate's threshold (Political or Economic influence count toward that candidate). Gain this card as that candidate's Patron: when you play it, +1 influence and +2 of the candidate's theme. Worth 3 prestige."
4,1808,I,3,James Madison,Political,9,Charles C. Pinckney,Economic,11,nation,1,2,"Elect one candidate: reach that candidate's threshold (Political or Economic influence count toward that candidate). Gain this card as that candidate's Patron: when you play it, +1 influence and +2 of the candidate's theme. Worth 3 prestige."
5,1812,I,4,James Madison,Social,10,DeWitt Clinton,Political,12,nation,1,2,"Elect one candidate: reach that candidate's threshold (Social or Political influence count toward that candidate). Gain this card as that candidate's Patron: when you play it, +1 influence and +2 of the candidate's theme. Worth 4 prestige."
6,1816,I,4,James Monroe,Economic,10,Rufus King,Social,12,nation,1,2,"Elect one candidate: reach that candidate's threshold (Economic or Social influence count toward that candidate). Gain this card as that candidate's Patron: when you play it, +1 influence and +2 of the candidate's theme. Worth 4 prestige."
7,1820,II,4,John Quincy Adams,Social,13,James Monroe,Political,11,states,1,3,"Elect one candidate: reach that candidate's threshold (Social or Political influence count toward that candidate). Gain this card as that candidate's Patron: when you play it, +1 influence and +3 of the candidate's theme. Worth 4 prestige."
8,1824,II,4,John Quincy Adams,Social,11,Andrew Jackson,Political,13,nation,1,3,"Elect one candidate: reach that candidate's threshold (Social or Political influence count toward that candidate). Gain this card as that candidate's Patron: when you play it, +1 influence and +3 of the candidate's theme. Worth 4 prestige."
9,1828,II,5,John Quincy Adams,Economic,14,Andrew Jackson,Social,12,states,1,3,"Elect one candidate: reach that candidate's threshold (Economic or Social influence count toward that candidate). Gain this card as that candidate's Patron: when you play it, +1 influence and +3 of the candidate's theme. Worth 5 prestige."
10,1832,II,5,Henry Clay,Economic,14,Andrew Jackson,Social,12,states,1,3,"Elect one candidate: reach that candidate's threshold (Economic or Social influence count toward that candidate). Gain this card as that candidate's Patron: when you play it, +1 influence and +3 of the candidate's theme. Worth 5 prestige."
11,1836,II,5,William Henry Harrison,Political,15,Martin Van Buren,Economic,13,states,1,3,"Elect one candidate: reach that candidate's threshold (Political or Economic influence count toward that candidate). Gain this card as that candidate's Patron: when you play it, +1 influence and +3 of the candidate's theme. Worth 5 prestige."
12,1840,II,5,William Henry Harrison,Social,13,Martin Van Buren,Economic,15,nation,1,3,"Elect one candidate: reach that candidate's threshold (Social or Economic influence count toward that candidate). Gain this card as that candidate's Patron: when you play it, +1 influence and +3 of the candidate's theme. Worth 5 prestige."
13,1844,III,6,Henry Clay,Economic,16,James K. Polk,Social,14,states,1,4,"Elect one candidate: reach that candidate's threshold (Economic or Social influence count toward that candidate). Gain this card as that candidate's Patron: when you play it, +1 influence and +4 of the candidate's theme. Worth 6 prestige."
14,1848,III,6,Zachary Taylor,Social,14,Lewis Cass,Political,16,nation,1,4,"Elect one candidate: reach that candidate's threshold (Social or Political influence count toward that candidate). Gain this card as that candidate's Patron: when you play it, +1 influence and +4 of the candidate's theme. Worth 6 prestige."
15,1852,III,6,Winfield Scott,Political,17,Franklin Pierce,Economic,15,states,1,4,"Elect one candidate: reach that candidate's threshold (Political or Economic influence count toward that candidate). Gain this card as that candidate's Patron: when you play it, +1 influence and +4 of the candidate's theme. Worth 6 prestige."
16,1856,III,6,John C. Fremont,Economic,17,James Buchanan,Political,15,states,1,4,"Elect one candidate: reach that candidate's threshold (Economic or Political influence count toward that candidate). Gain this card as that candidate's Patron: when you play it, +1 influence and +4 of the candidate's theme. Worth 6 prestige."
17,1860,III,7,Abraham Lincoln,Political,16,Stephen A. Douglas,Economic,18,nation,1,4,"Elect one candidate: reach that candidate's threshold (Political or Economic influence count toward that candidate). Gain this card as that candidate's Patron: when you play it, +1 influence and +4 of the candidate's theme. Worth 7 prestige."
