key,top_title,top_outlet,top_url,top_date,bottom_title,bottom_outlet,bottom_url,bottom_date,note
34_counts,Jury finds Donald Trump guilty in hush money trial on all counts,MSNBC,https://www.msnbc.com/rachel-maddow-show/maddowblog/jury-finds-donald-trump-guilty-hush-money-trial-counts-rcna154784,2024-05-30,"Trump turns conviction into cash, spotlights record fundraising in wake of guilty verdict",Fox News,https://www.foxnews.com/politics/trump-turns-conviction-cash-spotlights-record-fundraising-guilty-verdict,2024-05-31,
abortion_on_the_ballot,"Ohio passes Issue 1, scores another huge win for abortion rights",MSNBC,https://www.ms.now/opinion/msnbc-opinion/ohio-issue-1-abortion-results-rcna123793,2023-11-07,"Pro-life group addresses what went wrong in Ohio abortion vote, how to respond in 2024",Fox News,https://www.foxnews.com/politics/pro-life-group-what-went-wrong-ohio-abortion-vote-how-to-respond-2024,2023-11-08,
beshear_holds_kentucky,Why deep-red Kentucky just re-elected its Democratic governor,MSNBC,https://www.ms.now/opinion/msnbc-opinion/kentucky-election-results-governor-andy-beshear-rcna123391,2023-11-07,"Democrat Andy Beshear wins governor race in deep-red Kentucky, a major blow to Republican hopes ahead of 2024",Fox News,https://www.foxnews.com/politics/democrat-andy-beshear-win-governor-deep-red-kentucky-republican-hopes-ahead-2024,2023-11-07,
biden_steps_aside,"Biden shakes up 2024 race, backing Harris and ending Trump's run of political good luck",MSNBC,https://www.msnbc.com/rachel-maddow-show/maddowblog/democrats-harris-biden-ticket-trump-rcna163078,2024-07-22,Biden endorses Kamala Harris after bowing out of 2024 race,Fox News,https://www.foxnews.com/politics/biden-endorses-kamala-harris-after-bowing-out-2024-race,2024-07-21,
childless_cat_ladies,Buttigieg hits back at JD Vance's dig about 'childless' Democrats,MSNBC,https://www.ms.now/top-stories/latest/jd-vance-pete-buttigieg-childless-cat-ladies-harris-rcna163504,2024-07-24,JD Vance says 'anti-family' Dems took 'childless cat lady' remark 'out-of-context': 'Lie of the left',Fox News,https://www.foxnews.com/media/jd-vance-anti-family-dems-childless-cat-lady-remark-out-context-lie-left,2024-07-29,
finish_the_job,President Biden officially launches his re-election bid,MSNBC,https://www.msnbc.com/ana-cabrera-reports/watch/president-biden-officially-launches-his-re-election-bid-171279941607,2023-04-25,Trump slams Biden's 'calamitous and failed presidency' as president announces 2024 re-election campaign,Fox News,https://www.foxnews.com/politics/trump-slams-biden-calamitous-failed-presidency-president-announces-2024-re-election-campaign,2023-04-25,MSNBC video page: air date not shown (assumed the day of the announcement).
four_indictments,"Trump indicted in Fulton County, Georgia, in 2020 election case",MSNBC,https://www.ms.now/deadline-white-house/deadline-legal-blog/trump-indicted-grand-jury-fulton-county-georgia-rcna79591,2023-08-14,"Trump says Georgia indictment comes during 'dark period' for US, vows to fix it by winning",Fox News,https://www.foxnews.com/politics/trump-georgia-indictment-comes-during-dark-period-vows-fix-winning,2023-08-15,
guilty_and_fundraising,"Trump turns conviction into cash, spotlights record fundraising in wake of guilty verdict",Fox News,https://www.foxnews.com/politics/trump-turns-conviction-cash-spotlights-record-fundraising-guilty-verdict,2024-05-31,Trump's conviction was a remarkable legal win. That doesn't make it a political win.,MSNBC,https://www.ms.now/opinion/msnbc-opinion/trump-biden-polls-conviction-2024-rcna154809,2024-06-01,The Fox headline is also the oppositional framing of 34 Counts.
kamala_hq,"Let the memes begin! Coconuts, Venn diagrams and 'brat' mark Harris' modern candidacy",MSNBC,https://www.ms.now/rachel-maddow/watch/let-the-memes-begin-coconuts-venn-diagrams-and-brat-mark-harris-modern-candidacy-215439429899,2024-07-22,"Harris campaign capitalizes on viral memes, but do Gen Z social media references resonate with older voters?",Fox News,https://www.foxnews.com/media/harris-campaign-capitalizes-viral-memes-do-gen-z-social-media-references-resonate-older-voters,2024-08-01,MSNBC video page: date taken from an MSNBC article that embeds the clip.
no_tax_on_tips,Trump pledges to eliminate taxes on tips for service workers during Las Vegas rally,Fox News,https://www.foxnews.com/media/trump-pledges-eliminate-taxes-tips-service-workers-las-vegas-rally,2024-06-10,Trump's tips proposal is a profoundly unserious idea for a serious problem,MSNBC,https://www.ms.now/opinion/msnbc-opinion/mtg-receipt-trump-tax-tips-plan-gimmick-rcna158185,2024-06-21,
on_the_picket_line,Why Biden decided to join UAW members on the picket line,MSNBC,https://www.ms.now/opinion/msnbc-opinion/uaw-strike-biden-michigan-rcna117204,2023-09-26,Biden's UAW strike visit lambasted as self-defeating given his Green New Deal electric vehicle 'fantasy',Fox News,https://www.foxnews.com/media/bidens-uaw-strike-visit-lambasted-self-defeating-green-new-deal-electric-vehicle-fantasy,2023-09-27,
project_2025,"Despite reality, Trump tries to distance himself from Project 2025",MSNBC,https://www.ms.now/rachel-maddow-show/maddowblog/donald-trump-election-project-2025-rcna160703,2024-07-08,Trump campaign rips 'fear-mongering' Dem strategy linking him to Project 2025 after Biden's disastrous debate,Fox News,https://www.foxnews.com/politics/trump-campaign-rips-fear-mongering-dem-strategy-linking-him-project-2025-biden-disastrous-debate,2024-07-11,
rfk_jr_endorses_trump,RFK Jr. endorsing Trump roils social media: 'Just tore down the modern Democrat Party!!!',Fox News,https://www.foxnews.com/media/rfk-jr-endorsing-trump-roils-social-media-just-tore-down-modern-democrat-party,2024-08-23,RFK Jr.'s journey from Democrat to Republican shows how Covid scrambled politics,MSNBC,https://www.msnbc.com/opinion/msnbc-opinion/rfk-jr-drops-out-endorses-trump-president-election-2024-rcna167790,2024-08-23,MSNBC page was indexed earlier under another headline; the live headline is used.
swift_endorses_harris,Trump is underestimating the power of Taylor Swift's Harris' endorsement,MSNBC,https://www.msnbc.com/morning-joe/morning-joe/taylor-swift-kamala-harris-endorsement-donald-trump-rcna170893,2024-09-12,Taylor Swift's endorsement of Harris draws mixed reaction from voters: 'It is huge and it is unfortunate',Fox News,https://www.foxnews.com/media/taylor-swifts-endorsement-harris-draws-mixed-reaction-from-voters-it-huge-unfortunate,2024-09-12,
the_atlanta_debate,Media calls for Biden to withdraw from 2024 race after 'disaster' CNN debate performance: 'It's over',Fox News,https://www.foxnews.com/media/media-calls-biden-withdraw-2024-race-grow-disaster-cnn-debate-performance,2024-06-27,Biden's shaky debate performance doesn't mean he's dropping out,MSNBC,https://www.msnbc.com/opinion/msnbc-opinion/biden-debate-democrats-dropping-out-rcna159383,2024-06-28,MSNBC page was indexed earlier under another headline; the live headline is used.
the_bitcoin_conference,Trump calls for US to be 'crypto capital of the planet' at bitcoin conference in Nashville,Fox Business,https://www.foxbusiness.com/politics/trump-calls-us-crypto-capital-planet-bitcoin-conference-nashville,2024-07-29,"Brazenly flip-flopping, Trump adds crypto to his MAGA agenda",MSNBC,https://www.ms.now/rachel-maddow-show/maddowblog/brazenly-flip-flopping-trump-adds-crypto-maga-agenda-rcna164108,2024-07-29,No positive foxnews.com piece found; the positive framing is from Fox Business.
the_border_czar,Six House Dems vote with GOP to condemn Kamala Harris for 'border czar' role,Fox News,https://www.foxnews.com/politics/6-house-dems-vote-gop-condemn-kamala-harris-border-czar-role,2024-07-25,New Republican impeachment measure targets Kamala Harris (yes, again),MSNBC,https://www.ms.now/rachel-maddow-show/maddowblog/new-republican-impeachment-measure-targets-harris-yes-rcna163389,2024-07-24
the_bronx_rally,"Trump vows to 'save' deep-blue New York City in massive, historic Bronx rally",Fox News,https://www.foxnews.com/politics/trump-vows-save-deep-blue-new-york-city-masive-historic-bronx-rally,2024-05-23,"Rehashing an old bit, Donald Trump exaggerates crowd size at his Bronx rally",MSNBC,https://www.ms.now/top-stories/latest/trump-bronx-crowd-size-rally-rcna153991,2024-05-24,
the_bud_light_boycott,Stores selling Bud Light for free as Mulvaney backlash continues,Fox News,https://www.foxnews.com/media/stores-sell-bud-light-free-mulvaney-backlash-continues,2023-05-25,Ted Cruz says he's opening an investigation into Bud Light,MSNBC,https://www.ms.now/rachel-maddow-show/maddowblog/ted-cruz-says-s-opening-investigation-bud-light-rcna85237,2023-05-19,
the_civil_fraud_trial,Trump's $250 million New York civil fraud trial begins today: What to know,MSNBC,https://www.ms.now/deadline-white-house/deadline-legal-blog/trump-fraud-trial-new-york-business-sons-rcna118075,2023-10-02,WATCH: Trump lays into 'corrupt' New York AG Letitia James for being 'stuck' off campaign trail at fraud trial,Fox News,https://www.foxnews.com/politics/trump-lays-into-corrupt-new-york-attorney-general-letitia-james-stuck-campaign-trail-fraud-trial,2023-10-04,
the_coconut_tree,What the Kamala Harris 'coconut tree' meme is — and why it's taking over the internet,MSNBC,https://www.ms.now/top-stories/latest/kamala-harris-coconut-tree-meme-rcna163177,2024-07-23,New York Times spins Kamala Harris' past word salads as 'celebratory artifacts' with candidacy underway,Fox News,https://www.foxnews.com/media/new-york-times-spins-kamala-harris-past-word-salads-celebratory-artifacts-candidacy-underway,2024-07-24,
the_fed_cuts,Markets reacting positive to Fed cuts is 'wind at the back' of Harris-Walz campaign,MSNBC,https://www.msnbc.com/chris-jansing-reports/watch/markets-reacting-positive-to-fed-cuts-is-wind-at-the-back-of-harris-walz-campaign-219630661661,2024-09-18,Federal Reserve chairman tries to appease DC and Wall Street with interest rate cut,Washington Examiner,https://www.washingtonexaminer.com/news/business/3158607/fed-chairman-tries-appease-dc-wall-street-interest-rate-cut/,2024-09-20,"No foxnews.com article found; the oppositional framing is a Washington Examiner opinion piece (conservative), so the two framings come from different sources. MSNBC video page: air date not shown."
the_hunter_biden_verdict,Hunter Biden found guilty of all counts in gun trial,Fox News,https://www.foxnews.com/politics/hunter-biden-found-guilty-all-counts-gun-trial,2024-06-11,Hunter Biden verdict undermines Republican conspiracy theories,MSNBC,https://www.ms.now/rachel-maddow-show/maddowblog/hunter-biden-verdict-undermines-republican-conspiracy-theories-rcna156577,2024-06-11,
the_joe_rogan_experience,Trump appeared on Joe Rogan's podcast for nearly three hours: Here are the top moments,Fox News,https://www.foxnews.com/politics/trump-appeared-joe-rogans-podcast-nearly-3-hours-here-top-moments,2024-10-26,Why Harris and Beyoncé was a bigger deal than Trump and Joe Rogan,MSNBC,https://www.msnbc.com/opinion/msnbc-opinion/kamala-harris-beyonce-donald-trump-joe-rogan-rcna176699,2024-10-28,
the_mug_shot,"Trump campaign raises $7.1 million in fundraising since mugshot was taken Thursday, Fox News confirms",Fox News,https://www.foxnews.com/politics/trump-campaign-raises-million-fundraising-mugshot-taken-thursday-fox-news-confirms,2023-08-26,Trump lovers spin MAGA mug shots as a positive. Don't buy it.,MSNBC,https://www.ms.now/the-reidout/reidout-blog/trump-mug-shot-fulton-county-georgia-rcna101697,2023-08-25,
the_respect_for_marriage_act,Biden scores another bipartisan win with Respect for Marriage Act,MSNBC,https://www.ms.now/rachel-maddow-show/maddowblog/biden-scores-another-bipartisan-win-respect-marriage-act-rcna61529,2022-12-13,Biden denounces GOP states that limit child gender surgeries during same-sex marriage bill-signing ceremony,Fox News,https://www.foxnews.com/politics/biden-denounces-gop-states-limit-child-gender-surgeries-same-sex-marriage-bill-signing-ceremony,2022-12-13,
too_old,"Overwhelming majority of Americans say Biden is too old to be effective in a second term, poll finds",Fox News,https://www.foxnews.com/politics/overwhelming-majority-americans-say-biden-too-old-effective-second-term-poll-finds,2023-08-28,You can talk about Biden's age. Just not like this.,MSNBC,https://www.ms.now/opinion/msnbc-opinion/bidens-age-newest-media-narrative-nightmare-rcna104614,2023-09-12,
trump_announces,Donald Trump announces 2024 re-election run for president,Fox News,https://www.foxnews.com/politics/donald-trump-announces-2024-re-election-run-president,2022-11-15,Trump's 2024 announcement speech was shockingly low energy,MSNBC,https://www.msnbc.com/opinion/msnbc-opinion/trumps-2024-announcement-speech-was-shockingly-low-energy-rcna57319,2022-11-16,
trump_takes_iowa,"Trump wins massive victory in Iowa, DeSantis edges Haley for second in 1st GOP presidential nominating contest",Fox News,https://www.foxnews.com/politics/trump-quickly-secures-victory-iowa-others-battle-second-first-gop-presidential-nominating-election,2024-01-15,"Iowa Republicans miss an opportunity, hand Trump a massive win",MSNBC,https://www.msnbc.com/rachel-maddow-show/maddowblog/iowa-republican-miss-opportunity-hand-trump-massive-win-rcna134058,2024-01-16,
virginia_flips_the_house,Virginia voters derail Youngkin's and his party's ambitious plans,MSNBC,https://www.ms.now/rachel-maddow-show/maddowblog/virginia-voters-derail-youngkins-partys-ambitious-plans-rcna124165,2023-11-08,Youngkin falls short in his mission to win total GOP control of Virginia state legislature,Fox News,https://www.foxnews.com/politics/youngkin-falls-short-mission-win-total-gop-control-virginia-state-legislature,2023-11-07,
x_marks_the_feed,"Elon Musk's Twitter officially rebrands, changes iconic blue bird logo to X",Fox Business,https://www.foxbusiness.com/markets/elon-musks-twitter-officially-rebrands-changes-iconic-blue-bird-logo-x,2023-07-24,Twitter successor 'X' marks Musk's war for the public's attention,MSNBC,https://www.ms.now/the-reidout/reidout-blog/twitter-elon-musk-rebrand-x-logo-rcna96063,2023-07-24,No positive foxnews.com piece found; the positive framing is from Fox Business.
