key,name,lean,theme,cost,platform_title,flavor
seal_the_border,Seal the Border,rep,Political,4,"Seal the Border, and Stop the Migrant Invasion",Finish the wall and move thousands of troops home from overseas to the southern border.
mass_deportation,Mass Deportation,rep,Political,6,Carry Out the Largest Deportation Operation in American History,The platform's second promise: millions of removals.
end_inflation,End Inflation,rep,Economic,5,"End Inflation, and Make America Affordable Again","Unleash energy, cut spending and regulation, and bring prices down."
energy_dominance,Energy Dominance,rep,Economic,4,"Make America the Dominant Energy Producer in the World, by Far!","""Drill, baby, drill"": energy independence, and then dominance."
manufacturing_superpower,Manufacturing Superpower,rep,Economic,7,"Stop Outsourcing, and Turn the United States into a Manufacturing Superpower","Baseline tariffs on foreign goods, and lower taxes at home as the tariffs rise."
tax_cuts_for_workers,Tax Cuts for Workers,rep,Economic,5,"Large Tax Cuts for Workers, and No Tax on Tips!",Make the Trump tax cuts permanent and stop taxing tips.
defend_the_constitution,Defend the Constitution,rep,Social,4,"Defend Our Constitution, Our Bill of Rights, and Our Fundamental Freedoms, Including Freedom of Speech, Freedom of Religion, and the Right to Keep and Bear Arms","Free speech, religious liberty and the Second Amendment, in one promise."
end_the_weaponization,End the Weaponization,rep,Political,7,End the Weaponization of Government Against the American People,Adopted six weeks after the nominee's conviction in New York.
keep_men_out_of_womens_sports,Keep Men Out of Women's Sports,rep,Social,5,Keep Men Out of Women's Sports,Promise seventeen of twenty: one sentence and no qualifiers.
secure_our_elections,Secure Our Elections,rep,Political,6,"Secure Our Elections, Including Same Day Voting, Voter Identification, Paper Ballots, and Proof of Citizenship","Voter ID, paper ballots and proof of citizenship."
work_not_wealth,"Reward Work, Not Wealth",dem,Economic,6,"Rewarding Work, Not Wealth",Tax relief for working families; billionaires and big corporations pay their fair share.
corporate_greed,Corporate Greed,dem,Economic,4,Corporate Greed,"Go after price gouging, junk fees and corporate consolidation."
drug_prices,Lower Drug Prices,dem,Social,5,Health Care & Prescription Drugs,Medicare negotiates drug prices; insulin capped at $35 a month.
paid_leave,Child Care and Paid Leave,dem,Social,5,"Child Care, Home Care, & Paid Leave",Affordable child care and paid family and medical leave for every worker.
protect_social_security,Protect Social Security,dem,Economic,4,"Social Security, Pensions, & Medicare","No cuts to benefits, paid for by asking the wealthiest to pay more."
clean_energy,Clean Energy,dem,Economic,7,"Tackling the Climate Crisis, Lowering Energy Costs, & Securing Energy Independence","Build on the Inflation Reduction Act: clean energy jobs, lower bills."
gun_safety,Gun Safety,dem,Social,4,Gun Safety,"Universal background checks, red flag laws and an assault weapons ban."
voting_rights,Voting Rights,dem,Political,6,Voting Rights,Pass the John R. Lewis Voting Rights Advancement Act and the Freedom to Vote Act.
reproductive_freedom,Reproductive Freedom,dem,Social,7,Reproductive Freedom,Write Roe v. Wade back into federal law.
freedom_of_the_press,Freedom of the Press,dem,Political,5,Freedom of the Press,Reject Trump's attacks on the press and look hard at media mergers.
