key,reveal_kind,reveal_n,reveal_title,reveal_outlet,reveal_url,reveal_date,reveal_text
fl,discard,1,Florida is still dealing with Hurricane Milton. So where'd the national coverage go?,"Poynter (St. Petersburg, Fla.)",https://www.poynter.org/commentary/2024/national-coverage-hurricane-milton-disappeared-florida/,2024-10-14,National anchors left as soon as the storm passed while Floridians were still without power and fuel. Every outlet discards a card at random.
mi,scandal,1,"Shame on you, Wall Street Journal. Dearborn is a jewel of metro Detroit.",Detroit Metro Times (Detroit),https://www.metrotimes.com/news/shame-on-you-wall-street-journal-dearborn-is-a-jewel-of-metro-detroit-35368591/,2024-02-05,A national op-ed branded the Arab American city a jihad capital; Detroit's press called it dangerous. Every outlet takes a Scandal.
pa,scandal,1,2024's other big loser? The mainstream media. Is there any path forward?,The Philadelphia Inquirer (Philadelphia),https://www.inquirer.com/opinion/commentary/trust-mainstream-media-2024-election-20241110.html,2024-11-10,"A Philadelphia columnist, back from Trump rallies across the state, argues the national press lost the public's trust. Every outlet takes a Scandal."
il,discard,1,"As the world turns its gaze onto the DNC, how will Chicago be perceived — and misperceived?",Chicago Sun-Times (Chicago),https://chicago.suntimes.com/columnists/2024/08/15/dnc-2024-chicago-image-1968-reputation-security-protests-crime-homelessness-democratic-national-convention,2024-08-15,"Before the convention, Chicago's press pushed back on the national picture of a crime capital. Every outlet discards a card at random."
oh,discard,1,What our reporters and editors told national media covering Haitians in Springfield,"Dayton Daily News (Dayton, Ohio)",https://www.daytondailynews.com/local/what-our-reporters-and-editors-told-national-media-covering-haitians-in-springfield/4IB4JLIIVZBQBDBHQRFUFSVVUM/,2024-09-27,Springfield's local reporters set the record straight for the national crews chasing the pet-eating hoax. Every outlet discards a card at random.
nc,discard,2,A history of distrust: The context missing from Helene coverage,"WFAE (Charlotte, N.C.)",https://www.wfae.org/2024-12-17/a-history-of-distrust-the-context-missing-from-helene-coverage,2024-12-17,"After Hurricane Helene, national crews chased conspiracy stories that fit mountain stereotypes and missed the recovery. Every outlet discards two cards at random."
ca,scandal,1,"As Kamala Harris Campaigns, the Bay Area Is About to Get (Even More) Hate. Here's What's Real",KQED (San Francisco),https://www.kqed.org/news/11997216/kamala-harris-san-francisco-bay-area-donald-trump-criticism-factcheck,2024-07-25,"As Harris made San Francisco a target, Bay Area reporters showed how national coverage had inflated its crime story. Every outlet takes a Scandal."
in,discard,1,Logansport officials say immigration ‘is nothing new’ as Haitian influx goes national,Indiana Capital Chronicle (Indianapolis),https://indianacapitalchronicle.com/2024/10/31/logansport-officials-say-immigration-is-nothing-new-as-haitian-influx-goes-national/,2024-10-31,Logansport's officials pushed back on national outlets that cast their town as overwhelmed by Haitian newcomers. Every outlet discards a card at random.
mo,discard,1,"Man wrongly accused in KC shooting weighs defamation suit, demands Missouri senators apologize",Missouri Independent (Jefferson City),https://missouriindependent.com/2024/02/29/wrongly-accused-kansas-city-shooting-defamation-missouri/,2024-02-29,A Chiefs fan falsely branded the parade shooter in viral right-wing posts demanded an apology from the state senators who spread it. Every outlet discards a card at random.
wa,discard,1,Trans Woman Faces Death Threats after Right Wing Blows Up Olympus Spa Lawsuit,The Stranger (Seattle),https://www.thestranger.com/news/trans-woman-faces-death-threats-after-right-wing-blows-up-olympus-spa-lawsuit-79035011/,2023-06-13,"After right-wing media made a Lynnwood spa lawsuit a national story, the woman at its center faced death threats. Every outlet discards a card at random."
sc,discard,1,Hicks: Winthrop polls offer a more nuanced view of South Carolina,The Post and Courier (Charleston),https://www.postandcourier.com/opinion/commentary/hicks-winthrop-polls-offer-a-more-nuanced-view-of-south-carolina/article_f1b01a7c-ddea-11ed-af02-2bf3d5540797.html,2023-04-19,A Charleston columnist used the polls to show South Carolinians are far less culture-war conservative than the stereotype. Every outlet discards a card at random.
ct,discard,1,The right-wing outrage machine threatens Trinity and other colleges,CT Mirror (Hartford),https://ctmirror.org/2023/04/26/ct-right-wing-outrage-machine-threatens-trinity-other-colleges/,2023-04-26,A Trinity College student condemned the right-wing outlets that manufactured outrage about her Hartford campus and stirred up threats. Every outlet discards a card at random.
or,discard,1,Why I (Still) Love Portland,Portland Mercury (Portland),https://www.portlandmercury.com/say-nice-things-2024/why-i-still-love-portland-47129990/,2024-04-12,A Portland-born comedian protested the national picture of a city on fire and called it cable-news propaganda. Every outlet discards a card at random.
co,discard,1,EDITORIAL: A trusted Aurora official must publicly counter political Venezuela gang frenzy — now,Sentinel Colorado (Aurora),https://sentinelcolorado.com/opinion/editorial-credible-aurora-official-must-publicly-counter-political-venezuela-gang-hysteria-now/,2024-09-07,Aurora's paper accused national outlets of feeding a racist frenzy over a Venezuelan gang 'takeover' that never happened. Every outlet discards a card at random.
va,discard,1,What the national media gets wrong about Oliver Anthony,Cardinal News (Roanoke),https://cardinalnews.org/2023/08/21/what-the-national-media-gets-wrong-about-oliver-anthony/,2023-08-21,"Southwest Virginia's paper corrected the national outlets that misplaced and romanticized the ""Rich Men North of Richmond"" singer's home. Every outlet discards a card at random."
az,discard,1,Tim Steller's column: Outsiders blame Arizona borderland for crimes it didn't commit,Arizona Daily Star (Tucson),https://tucson.com/news/local/subscriber/article_22edc924-f926-11ef-97d4-23330236c4cd.html,2025-03-04,A Tucson columnist protested that outsiders treat border towns like Nogales as crime zones and punish the people who live there. Every outlet discards a card at random.
mn,discard,1,Hamline’s Muslim students return to campus with a plea for understanding,Sahan Journal (Minneapolis),https://sahanjournal.com/education/hamline-university-muslim-students-erika-lopez-prater-prophet-muhammad/,2023-01-24,"Muslim students at a St. Paul university, threatened after an international media firestorm, called the coverage extreme. Every outlet discards a card at random."
wi,discard,1,Political spin distorts Whitewater immigration ‘crisis’,Wisconsin Examiner (Madison),https://wisconsinexaminer.com/2024/01/09/political-spin-distorts-whitewater-immigration-crisis/,2024-01-09,Whitewater residents objected that conservative media had turned their college town into a fabricated migrant crisis. Every outlet discards a card at random.
dc,sweep,1,Senate’s Criminal Code Vote Reveals the Fear That Still Drives America’s Crime Politics,Washington City Paper (Washington),https://washingtoncitypaper.com/article/594495/senates-criminal-code-vote-reveals-the-fear-that-still-drives-americas-crime-politics/,2023-03-09,"When Congress overturned the District's criminal code, the city's press attacked the fact-free national picture of an unlivable hellscape. The stories on the exchange are swept away and dealt fresh."
wy,sweep,1,Dave Simpson: Trump’s Victory Belongs To The Scorned Underdogs,Cowboy State Daily (Cheyenne),https://cowboystatedaily.com/2025/01/20/dave-simpson-tougher-for-the-elite-left-to-look-down-its-nose-today/,2025-01-20,A veteran Wyoming newspaperman said the 2024 result paid back years of newsrooms sneering at conservative voters. The stories on the exchange are swept away and dealt fresh.
wv,sweep,1,You won’t win over West Virginians by taking cheap shots at the Mountain State,West Virginia Watch (Charleston),https://westvirginiawatch.com/2024/04/16/you-wont-win-over-west-virginians-by-taking-cheap-shots-at-the-mountain-state/,2024-04-16,A columnist fired back at a famous author's line about a bookless West Virginia childhood as a stereotype that insulted the state's schools. The stories on the exchange are swept away and dealt fresh.
id,sweep,1,"As Moscow braces itself, Kohberger trial will bring media circus to Idaho",Idaho Capital Sun (Boise),https://idahocapitalsun.com/2023/07/19/as-moscow-braces-itself-kohberger-trial-will-bring-media-circus-to-idaho/,2023-07-19,"A Moscow journalist warned of the national media circus returning for the Kohberger trial, after rumors had already wrecked an innocent professor's name. The stories on the exchange are swept away and dealt fresh."
nd,sweep,1,Bender: The Fox fix was in against Doug Burgum,InForum (Fargo),https://www.inforum.com/opinion/columns/bender-the-fox-fix-was-in-against-doug-burgum,2023-10-04,A North Dakota columnist fumed that the debate moderators sidelined the governor and tossed him hayseed questions about farming and guns. The stories on the exchange are swept away and dealt fresh.
vt,sweep,1,From the Publisher: GoPro Bro,Seven Days (Burlington),https://www.sevendaysvt.com/news/the-story-behind-the-viral-video-about-burlington-42162077/,2024-10-30,Burlington's alt-weekly called out the YouTuber and tabloids who sold the city to the nation as drug- and crime-ravaged. The stories on the exchange are swept away and dealt fresh.
ar,sweep,1,The New York Times deems Mountain View ‘utterly authentic’,Arkansas Times (Little Rock),https://arktimes.com/arkansas-blog/2023/09/28/the-new-york-times-deems-mountain-view-utterly-authentic,2023-09-28,Little Rock's paper teased a national travel piece that painted an Ozark town as a quaint time capsule. The stories on the exchange are swept away and dealt fresh.
hi,sweep,1,Lee Cataluna: Everyone Loves Lahaina. Few Get To Claim It As Their Home,Honolulu Civil Beat (Honolulu),https://www.civilbeat.org/2023/08/lee-cataluna-everyone-loves-lahaina-few-get-to-claim-it-as-their-home/,2023-08-13,"Days after the fire, a Hawaii columnist objected that Lahaina was being covered for outsiders, as if the disaster were already over. The stories on the exchange are swept away and dealt fresh."
ms,sweep,1,Editor’s Note | None of Us ‘Just Fell Out of A Coconut Tree.’ But Some in the Media Act Like It.,Mississippi Free Press (Jackson),https://www.mississippifreepress.org/editors-note-none-of-us-just-fell-out-of-a-coconut-tree-but-some-in-the-media-act-like-it/,2024-07-19,Jackson's nonprofit newsroom accused the national press of crusading on Biden's age while waving Trump's falsehoods through. The stories on the exchange are swept away and dealt fresh.
ut,sweep,1,Perspective: It’s time to retire the MAGA stereotype,Deseret News (Salt Lake City),https://www.deseret.com/opinion/2024/07/15/trump-shooting-maga-stereotype-deplorables/,2024-07-15,"After the Butler shooting, Salt Lake City's paper told the media to drop its ugly caricature of Trump voters. The stories on the exchange are swept away and dealt fresh."
