key,trump_name,harris_name
al,Baldwin County,The Black Belt
ak,The Mat-Su Valley,Juneau
az,Maricopa County,Tucson and Pima County
ar,Rural Arkansas,Little Rock
ca,The Central Valley,The Bay Area
co,Colorado Springs,Denver and Boulder
ct,Litchfield County,Hartford and New Haven
de,Sussex County,Wilmington
dc,Upset in D.C.,The Nation's Capital
fl,Miami-Dade Turns Red,Orlando and Orange County
ga,North Georgia,Metro Atlanta
hi,Upset in Hawaii,Honolulu
id,Rural Idaho,Boise
il,Downstate,Chicago and Cook County
in,Rural Indiana,Indianapolis
ia,Western Iowa,Des Moines and Iowa City
ks,Western Kansas,The Kansas City Suburbs
ky,Eastern Kentucky,Louisville
la,Acadiana,New Orleans
me,The Second District,Portland and the Coast
md,Western Maryland,Baltimore and the D.C. Suburbs
ma,Upset in Massachusetts,Boston
mi,Macomb County,Detroit and Wayne County
mn,The Iron Range,The Twin Cities
ms,DeSoto County,The Delta
mo,Springfield and the Ozarks,St. Louis and Kansas City
mt,Eastern Montana,Missoula and Bozeman
ne,The Sandhills,Omaha
nv,Rural Nevada,Las Vegas
nh,The North Country,The Seacoast
nj,Ocean County,Newark and Essex County
nm,The Eastern Plains,Albuquerque and Santa Fe
ny,Staten Island,Manhattan
nc,Rural Carolina,The Research Triangle
nd,The Oil Patch,Upset in North Dakota
oh,The Mahoning Valley,Columbus and Cleveland
ok,Rural Oklahoma,Oklahoma City
or,Eastern Oregon,Portland
pa,Central Pennsylvania,The Philadelphia Suburbs
ri,Upset in Rhode Island,Providence
sc,The Upstate,Charleston and Columbia
sd,West River,Upset in South Dakota
tn,East Tennessee,Memphis and Nashville
tx,The Rio Grande Valley,Austin and Houston
ut,Utah County,Salt Lake City
vt,The Northeast Kingdom,Burlington
va,Southwest Virginia,Northern Virginia
wa,Eastern Washington,Seattle and King County
wv,Coal Country,Upset in West Virginia
wi,The WOW Counties,Madison and Milwaukee
wy,Rural Wyoming,Teton County
