key,slot,name,date,flavor
trump_announces,articles_confederation,Trump Announces,2022-11-15,"At Mar-a-Lago, a week after the midterms, Donald Trump declared his third run for the White House."
finish_the_job,kentucky_resolutions,Finish the Job,2023-04-25,"Joe Biden announced his re-election bid in a video, four years to the day after launching his 2020 campaign."
beshear_holds_kentucky,antifederalist_papers,Beshear Holds Kentucky,2023-11-07,Andy Beshear won a second term as governor in a state Trump carried by 26 points.
virginia_flips_the_house,federalist_papers,Virginia Flips the House,2023-11-07,"Democrats held the Virginia Senate and took the House of Delegates, blocking the governor's agenda."
the_special_elections,declaration,The Special Elections,2023-12-31,"Through 2023, Democrats ran ahead of their usual margins in special elections across the country, by double digits on average."
the_primary_lead,saratoga,The Primary Lead,2023-12-31,"By the end of 2023, Trump led the Republican primary field in national polls by more than 40 points."
inflation_cools,northwest_ordinance,Inflation Cools,2023-12-31,"Consumer prices rose 3.4 percent over 2023, down from a peak of 9.1 percent in June 2022."
the_price_of_groceries,report_manufactures,The Price of Groceries,2023-12-31,"Inflation slowed, but prices did not come down. Voters still paid far more at the checkout than before the pandemic."
under_four_percent,tea_party,Under Four Percent,2023-12-31,"Unemployment ended 2023 at 3.7 percent, below 4 percent for nearly two years running."
the_fed_signals_cuts,bank_of_the_us,The Fed Signals Cuts,2023-12-13,The Federal Reserve held rates and projected three cuts in 2024. Markets rallied.
x_marks_the_feed,pennsylvania_packet,X Marks the Feed,2023-07-24,Elon Musk bought Twitter in October 2022 and renamed it X. Its feed and its owner became forces in the campaign.
too_old,newburgh,Too Old?,2023-08-31,"In an AP-NORC poll, 77 percent of adults said Biden, then 80, was too old to be effective for four more years."
four_indictments,shays_rebellion,Four Indictments,2023-08-14,"New York, two federal cases and Georgia: by August 2023 Trump faced 91 felony counts."
the_border_numbers,whiskey_rebellion,The Border Numbers,2023-12-31,"Border Patrol made nearly 250,000 arrests at the southwest border in December 2023, a monthly record."
the_civil_fraud_trial,boston_massacre,The Civil Fraud Trial,2023-10-02,New York's case accusing Trump of inflating his wealth went to trial in a Manhattan courtroom.
on_the_picket_line,bill_of_rights,On the Picket Line,2023-09-26,"Biden joined striking autoworkers in Michigan, the first sitting president to walk a picket line."
the_mug_shot,democratic_societies,The Mug Shot,2023-08-24,"Booked in Fulton County, Trump turned his mug shot into merchandise. His campaign said it raised $7.1 million in days."
the_respect_for_marriage_act,gazette_of_the_us,The Respect for Marriage Act,2022-12-13,Biden signed a law requiring every state to recognize same-sex marriages performed in any state.
the_bud_light_boycott,national_gazette,The Bud Light Boycott,2023-05-31,A conservative boycott over a transgender influencer's promotion knocked Bud Light from its place as America's top-selling beer.
abortion_on_the_ballot,common_sense,Abortion on the Ballot,2023-11-07,"Since Dobbs, abortion rights had won every statewide ballot measure: Kansas, Michigan, Ohio and four more."
record_highs,louisiana_purchase,Record Highs,2024-01-19,The S&P 500 closed at a record for the first time in two years.
the_phillips_challenge,burr_conspiracy,The Phillips Challenge,2024-01-23,Congressman Dean Phillips challenged Biden for the nomination and took about a fifth of the vote in New Hampshire.
trump_takes_iowa,marbury,Trump Takes Iowa,2024-01-15,"Trump won the Iowa caucuses with 51 percent, a record 30-point margin for a contested race."
the_write_in,chesapeake_affair,The Write-In,2024-01-23,"Left off the New Hampshire ballot, Biden still won its primary as a write-in, with about two votes in three."
tariffs_on_everything,tariff_of_1816,Tariffs on Everything,2024-02-04,"Trump floated tariffs of 60 percent or more on Chinese goods, on top of a 10 percent tariff on all imports."
the_carroll_verdict,hartford_convention,The Carroll Verdict,2024-01-26,A New York jury ordered Trump to pay E. Jean Carroll $83.3 million for defaming her.
south_carolina,war_of_1812,South Carolina,2024-02-24,Trump beat Nikki Haley in her home state by about 20 points.
mortgage_rates,mcculloch,Mortgage Rates,2024-03-31,"Thirty-year mortgage rates hovered near 7 percent, more than double their level of three years before."
out_of_reach,cumberland_road,Out of Reach,2024-03-31,"Home prices kept setting records, and first-time buyers were priced out of market after market."
the_state_of_the_union,adams_onis,The State of the Union,2024-03-07,A forceful address in which Biden took on his doubters. His campaign said it raised $10 million in the next 24 hours.
eagle_pass,missouri_compromise,Eagle Pass,2024-02-29,"Trump and Biden visited the Texas border on the same day, hundreds of miles apart."
the_chip_factories,tariff_abominations,The Chip Factories,2024-04-15,"CHIPS Act grants went to Intel, TSMC and Samsung for new chip plants in Arizona, Ohio and Texas."
loan_forgiveness,american_system,Loan Forgiveness,2024-05-22,The administration had approved $167 billion in student debt relief for 4.75 million borrowers.
the_campus_protests,denmark_vesey,The Campus Protests,2024-04-17,"Encampments over the war in Gaza spread from Columbia to campuses nationwide, dividing Democrats."
the_hush_money_trial,anti_masonic_party,The Hush Money Trial,2024-04-15,The first criminal trial of a former president opened in Manhattan.
the_1864_law,cherokee_phoenix,The 1864 Law,2024-04-09,Arizona's Supreme Court revived a near-total abortion ban from 1864. The legislature repealed it within a month.
the_bronx_rally,lowell_mills,The Bronx Rally,2024-05-23,"Trump drew thousands to Crotona Park, in a borough no Republican presidential nominee had carried in a century."
no_tax_on_tips,specie_circular,No Tax on Tips,2024-06-09,"In Las Vegas, Trump promised to end federal tax on tips. Harris later adopted the idea."
trump_joins_tiktok,penny_press,Trump Joins TikTok,2024-06-01,"Four years after trying to ban the app, Trump opened a TikTok account and gained millions of followers."
the_hunter_biden_verdict,gag_rule,The Hunter Biden Verdict,2024-06-11,A Delaware jury convicted the president's son on three felony gun charges.
guilty_and_fundraising,force_bill,Guilty and Fundraising,2024-05-31,"The day after the verdict, Trump's campaign said it had raised $52.8 million in 24 hours."
34_counts,indian_removal,34 Counts,2024-05-30,A Manhattan jury found Trump guilty on all 34 counts of falsifying business records.
the_atlanta_debate,the_liberator,The Atlanta Debate,2024-06-27,Biden's halting performance on CNN set off weeks of calls for him to step aside.
project_2025,panic_of_1837,Project 2025,2024-07-05,Democrats made the Heritage Foundation's plan for a second Trump term a campaign theme. Trump said he knew nothing about it.
the_coconut_tree,amistad,The Coconut Tree,2024-07-15,A 2023 Harris remark about context became a meme as Democrats began to talk of her replacing Biden.
the_raleigh_plan,free_soil,The Raleigh Plan,2024-08-16,"Harris proposed $25,000 toward first homes and a federal ban on price gouging for groceries."
kamala_hq,associated_press,Kamala HQ,2024-07-21,"Within hours of Biden's exit, the campaign's feeds went lime green: Charli XCX posted that Kamala is brat."
live_on_x,rotary_press,Live on X,2024-08-12,"Elon Musk interviewed Trump for two hours on X Spaces, a conversation millions joined."
childless_cat_ladies,dorr_rebellion,Childless Cat Ladies,2024-07-23,A 2021 interview resurfaced in which J.D. Vance mocked childless Democrats.
the_border_czar,tyler_vetoes,The Border Czar,2024-07-24,"Republicans branded Harris the border czar, recalling the 2021 assignment to address migration from Central America."
biden_steps_aside,mexican_war,Biden Steps Aside,2024-07-21,Biden ended his campaign and endorsed Harris. Democrats united behind her within days.
the_bitcoin_conference,wilmot_proviso,The Bitcoin Conference,2024-07-27,"In Nashville, Trump promised crypto voters a friendly White House and a national bitcoin stockpile."
no_tax_on_overtime,compromise_1850,No Tax on Overtime,2024-09-12,"In Tucson, Trump added overtime pay to his list of income he would exempt from tax."
drill_baby_drill,gadsden_purchase,"Drill, Baby, Drill",2024-08-29,"Trump promised to unleash American energy, and pressed Harris on her 2019 support for a fracking ban."
the_fed_cuts,transcontinental_railroad,The Fed Cuts,2024-09-18,"The Federal Reserve cut rates by half a point, its first cut since 2020."
the_economy_gap,gold_rush,The Economy Gap,2024-09-30,"Through the fall, polls found more voters trusted Trump than Harris on the economy."
creators_in_chicago,cheap_postage,Creators in Chicago,2024-08-19,The Democratic convention gave credentials to some 200 content creators.
springfield,filibusters,Springfield,2024-09-10,"In the Philadelphia debate, Trump repeated a debunked claim that migrants in Ohio were eating pets."
arlington,bleeding_kansas,Arlington,2024-08-26,The Army said a cemetery official was pushed aside during a Trump campaign visit to Arlington National Cemetery.
the_2019_positions,sumner_caning,The 2019 Positions,2024-08-29,"Republicans pressed Harris on positions from her first presidential run, from fracking to health care."
rfk_jr_endorses_trump,georgia_platform,RFK Jr. Endorses Trump,2024-08-23,Robert F. Kennedy Jr. suspended his campaign in the battleground states and endorsed Trump.
swift_endorses_harris,uncle_toms_cabin,Swift Endorses Harris,2024-09-10,"Taylor Swift endorsed Harris after the debate, signing as a childless cat lady. Her link sent about 400,000 visitors to vote.gov."
not_a_thing_comes_to_mind,lecompton_constitution,Not a Thing Comes to Mind,2024-10-08,"Asked on The View what she would have done differently from Biden, Harris said nothing came to mind."
the_joe_rogan_experience,freeport_doctrine,The Joe Rogan Experience,2024-10-25,"Trump sat for three hours with the country's biggest podcaster, reaching an audience of tens of millions."
bank_your_vote,lincoln_douglas,Bank Your Vote,2024-10-31,"Republicans, who had shunned early voting in 2020, urged supporters to vote early and by mail."
